{
    "main": {
        "framerate": 30
    },
    "center":
    {
        "Units_Patapon_Badrhythm_1": [],
        "Units_Patapon_Badrhythm_1": [],
        "Units_Patapon_Badrhythm_2": [],
        "Units_Patapon_Badrhythm_3": [],
        "Units_Patapon_Chaka": [],
        "Units_Patapon_Chaka_B": [],
        "Units_Patapon_Charge": [],
        "Units_Patapon_Charge_B": [],
        "Units_Patapon_Dance_1": [],
        "Units_Patapon_Dance_2": [],
        "Units_Patapon_Dance_3": [],
        "Units_Patapon_Dance_4": [],
        "Units_Patapon_Death": [],
        "Units_Patapon_Dodge": [],
        "Units_Patapon_Don": [],
        "Units_Patapon_Don_B": [],
        "Units_Patapon_Heromode_Off": [],
        "Units_Patapon_Heromode_On": [],
        "Units_Patapon_Idle_1": [],
        "Units_Patapon_Idle_2": [],
        "Units_Patapon_Idle_2_B": [],
        "Units_Patapon_Jump": [],
        "Units_Patapon_Pata": [],
        "Units_Patapon_Pata_B": [],
        "Units_Patapon_Pon": [],
        "Units_Patapon_Pon_B": [],
        "Units_Patapon_Run": [],
        "Units_Patapon_Sleep": [],
        "Units_Patapon_Stagger": [],
        "Units_Patapon_Walk": [],
        "Units_Patapon_Walk_B": [],
        "Units_Patapon_Yaripon_Attack_Air": [],
        "Units_Patapon_Yaripon_Attack_Air_B": [],
        "Units_Patapon_Yaripon_Attack_Ground": [],
        "Units_Patapon_Yaripon_Attack_Ground_B": []
    },
    "hitbox": {
    },
    "layers": {
        "weapon": {
            "default": [],
            "Units_Patapon_Badrhythm_1": [
                [20, 40],
                [30, 40]
            ]
        },
        "helm": {
            "default": []
        }
    },
    "runOnce": {
    },
    "switchTo": [
        ["Units_Patapon_Pon", "Units_Patapon_Idle"],
        ["Units_Patapon_Pata", "Units_Patapon_Idle"],
        ["Units_Patapon_Don", "Units_Patapon_Idle"],
        ["Units_Patapon_Chaka", "Units_Patapon_Idle"],
        ["Units_Patapon_Pon_B", "Units_Patapon_Idle_B"],
        ["Units_Patapon_Pata_B", "Units_Patapon_Idle_B"],
        ["Units_Patapon_Don_B", "Units_Patapon_Idle_B"],
        ["Units_Patapon_Chaka_B", "Units_Patapon_Idle_B"]
    ]
}