{
    "defaultStats": {
        "hp": 100,
        "minDmg": 1,
        "maxDmg": 1
    },
    "specifications": {
        "type": "NEUTRAL",
        "category": "BUILDING_REGULAR"
    },
    "position": {
        "y": 1095
    },
    "behavior": {
        "hit": "BH_HIT_STATIONARY_TWO_STATE",
        "spawn": "BH_SPAWN_IDLE",
        "death": "BH_DEATH_REMOVE_INSTANT",
        "loot": "BH_LOOT_DROP_INSTANT"
    },
    "loot":
    [
        100,
        { "item": "item_stone", "chance": 50 },
        { "item": "item_hard_iron", "chance": 50 }
    ]
}
