{
    "defaultStats": {
        "hp": 100,
        "minDmg": 1,
        "maxDmg": 3
    },
    "specifications": {
        "type": "HOSTILE",
        "category": "ENEMYUNIT"
    },
    "scale": {
        "x": -1
    },
    "behavior": {
        "hit": "BH_HIT_STAGGER",
        "death": "BH_DEATH_KIRAJIN",
        "spawn": "BH_SPAWN_IDLE",
        "loot": "BH_LOOT_DROP_FADEAWAY"
    },
    "loot":
    {
        "common":
        [
            20,
            { "item": "item_iron_spear", "chance": 50 },
            { "item": "item_iron_helmet", "chance": 50 }
        ],
        "rare":
        [
            0.2,
            { "item": "item_kirajin_spear1", "chance": 50 },
            { "item": "item_kirajin_helmet1", "chance": 50 }
        ]
    }
}
