{ "animationData": [
{"animation":"attack_fever_end","frame":0,"pos_x":-52.0,"pos_y":-9999.0,"rotation":0.0},
{"animation":"attack_fever_end","frame":1,"pos_x":-52.0,"pos_y":-9999.0,"rotation":0.0},
{"animation":"attack_fever_end","frame":2,"pos_x":-52.0,"pos_y":-9999.0,"rotation":0.0},
{"animation":"attack_fever_end","frame":3,"pos_x":-52.0,"pos_y":-9999.0,"rotation":0.0},
{"animation":"attack_fever_end","frame":4,"pos_x":-52.0,"pos_y":-9999.0,"rotation":0.0},
{"animation":"attack_fever_end","frame":5,"pos_x":-52.0,"pos_y":-9999.0,"rotation":0.0},
{"animation":"attack_fever_start","frame":0,"pos_x":-21.0,"pos_y":-15.0,"rotation":-1.553344},
{"animation":"attack_fever_start","frame":1,"pos_x":-22.0,"pos_y":-20.5,"rotation":-1.396264},
{"animation":"attack_fever_start","frame":2,"pos_x":-22.0,"pos_y":-21.0,"rotation":-1.396264},
{"animation":"attack_fever_start","frame":3,"pos_x":-21.0,"pos_y":-23.0,"rotation":-1.308998},
{"animation":"attack_fever_start","frame":4,"pos_x":-20.5,"pos_y":-23.0,"rotation":-1.2653645},
{"animation":"attack_fever_start","frame":5,"pos_x":-20.0,"pos_y":-23.0,"rotation":-1.221731},
{"animation":"attack_fever_start","frame":6,"pos_x":-19.0,"pos_y":-24.0,"rotation":-1.221731},
{"animation":"attack_fever_start","frame":7,"pos_x":-17.5,"pos_y":-25.5,"rotation":-1.221731},
{"animation":"attack_fever_start","frame":8,"pos_x":-17.0,"pos_y":-26.0,"rotation":-1.221731},
{"animation":"attack_fever_start","frame":9,"pos_x":-17.0,"pos_y":-26.0,"rotation":-1.221731},
{"animation":"attack_fever_start","frame":10,"pos_x":-17.0,"pos_y":-26.0,"rotation":-1.221731},
{"animation":"attack_fever_start","frame":11,"pos_x":-17.0,"pos_y":-26.0,"rotation":-1.221731},
{"animation":"attack_fever_throw","frame":0,"pos_x":-11.0,"pos_y":-28.0,"rotation":-1.291544},
{"animation":"attack_fever_throw","frame":1,"pos_x":-3.0,"pos_y":-25.0,"rotation":-1.291544},
{"animation":"attack_fever_throw","frame":2,"pos_x":1.0,"pos_y":-24.0,"rotation":-1.291544},
{"animation":"attack_fever_throw","frame":3,"pos_x":6.0,"pos_y":-22.0,"rotation":-1.396264},
{"animation":"attack_fever_throw","frame":4,"pos_x":12.0,"pos_y":-21.0,"rotation":-1.396264},
{"animation":"attack_fever_throw","frame":5,"pos_x":14.0,"pos_y":-18.0,"rotation":-1.396264},
{"animation":"attack_fever_throw","frame":6,"pos_x":-8.0,"pos_y":-9999.0,"rotation":-1.396264},
{"animation":"attack_fever_throw","frame":7,"pos_x":-8.0,"pos_y":-9999.0,"rotation":-1.396264},
{"animation":"attack_fever_throw","frame":8,"pos_x":-8.0,"pos_y":-9999.0,"rotation":-1.396264},
{"animation":"attack_fever_throw","frame":9,"pos_x":-8.0,"pos_y":-9999.0,"rotation":-1.396264},
{"animation":"attack_fever_throw","frame":10,"pos_x":-8.0,"pos_y":-9999.0,"rotation":-1.396264},
{"animation":"attack_fever_throw","frame":11,"pos_x":-8.0,"pos_y":-9999.0,"rotation":-1.396264},
{"animation":"attack_fever_throw","frame":12,"pos_x":-8.0,"pos_y":-9999.0,"rotation":-1.396264},
{"animation":"attack_fever_throw","frame":13,"pos_x":-8.0,"pos_y":-9999.0,"rotation":-1.396264},
{"animation":"attack_fever_throw","frame":14,"pos_x":-8.0,"pos_y":-9999.0,"rotation":-1.396264},
{"animation":"attack_fever_throw","frame":15,"pos_x":-8.0,"pos_y":-9999.0,"rotation":-1.396264},
{"animation":"attack_fever_throw","frame":16,"pos_x":-8.0,"pos_y":-9999.0,"rotation":-1.396264},
{"animation":"attack_fever_throw","frame":17,"pos_x":-8.0,"pos_y":-9999.0,"rotation":-1.396264},
{"animation":"attack_fever_throw","frame":18,"pos_x":-8.0,"pos_y":-9999.0,"rotation":-1.396264},
{"animation":"attack_fever_throw","frame":19,"pos_x":-8.0,"pos_y":-9999.0,"rotation":-1.396264},
{"animation":"attack_prefever","frame":0,"pos_x":-28.0,"pos_y":-8.0,"rotation":-0.05236},
{"animation":"attack_prefever","frame":1,"pos_x":-25.0,"pos_y":-16.5,"rotation":-0.471239},
{"animation":"attack_prefever","frame":2,"pos_x":-22.0,"pos_y":-25.0,"rotation":-0.890118},
{"animation":"attack_prefever","frame":3,"pos_x":-18.5,"pos_y":-26.0,"rotation":-1.300271},
{"animation":"attack_prefever","frame":4,"pos_x":-17.75,"pos_y":-26.0,"rotation":-1.313361},
{"animation":"attack_prefever","frame":5,"pos_x":-17.0,"pos_y":-26.0,"rotation":-1.326451},
{"animation":"attack_prefever","frame":6,"pos_x":-13.0,"pos_y":-26.0,"rotation":-1.326451},
{"animation":"attack_prefever","frame":7,"pos_x":-12.0,"pos_y":-27.0,"rotation":-1.326451},
{"animation":"attack_prefever","frame":8,"pos_x":-10.5,"pos_y":-27.0,"rotation":-1.326451},
{"animation":"attack_prefever","frame":9,"pos_x":-9.0,"pos_y":-27.0,"rotation":-1.326451},
{"animation":"attack_prefever","frame":10,"pos_x":7.0,"pos_y":-20.0,"rotation":-1.326451},
{"animation":"attack_prefever","frame":11,"pos_x":10.5,"pos_y":-19.0,"rotation":-1.326451},
{"animation":"attack_prefever","frame":12,"pos_x":-7.0,"pos_y":-22.0,"rotation":-1.326451},
{"animation":"attack_prefever","frame":13,"pos_x":-15.0,"pos_y":-9999.0,"rotation":-1.326451},
{"animation":"attack_prefever","frame":14,"pos_x":-15.0,"pos_y":-9999.0,"rotation":-1.326451},
{"animation":"attack_prefever","frame":15,"pos_x":-15.0,"pos_y":-9999.0,"rotation":-1.326451},
{"animation":"attack_prefever","frame":16,"pos_x":-15.0,"pos_y":-9999.0,"rotation":-1.326451},
{"animation":"attack_prefever","frame":17,"pos_x":-15.0,"pos_y":-9999.0,"rotation":-1.326451},
{"animation":"attack_prefever","frame":18,"pos_x":-15.0,"pos_y":-9999.0,"rotation":-1.326451},
{"animation":"attack_prefever","frame":19,"pos_x":-15.0,"pos_y":-9999.0,"rotation":-1.326451},
{"animation":"attack_prefever","frame":20,"pos_x":-15.0,"pos_y":-9999.0,"rotation":-1.326451},
{"animation":"attack_prefever","frame":21,"pos_x":-15.0,"pos_y":-9999.0,"rotation":-1.326451},
{"animation":"attack_prefever","frame":22,"pos_x":-15.0,"pos_y":-9999.0,"rotation":-1.326451},
{"animation":"attack_prefever","frame":23,"pos_x":-15.0,"pos_y":-9999.0,"rotation":-1.326451},
{"animation":"attack_prefever","frame":24,"pos_x":-15.0,"pos_y":-9999.0,"rotation":-1.326451},
{"animation":"attack_prefever","frame":25,"pos_x":-15.0,"pos_y":-9999.0,"rotation":-1.326451},
{"animation":"attack_prefever","frame":26,"pos_x":-15.0,"pos_y":-9999.0,"rotation":-1.326451},
{"animation":"attack_prefever","frame":27,"pos_x":-15.0,"pos_y":-9999.0,"rotation":-1.326451},
{"animation":"attack_prefever","frame":28,"pos_x":-15.0,"pos_y":-9999.0,"rotation":-1.326451},
{"animation":"attack_prefever","frame":29,"pos_x":-15.0,"pos_y":-9999.0,"rotation":-1.326451},
{"animation":"attack_prefever","frame":30,"pos_x":-15.0,"pos_y":-9999.0,"rotation":-1.326451},
{"animation":"attack_prefever","frame":31,"pos_x":-20.0,"pos_y":12.0,"rotation":0.0},
{"animation":"death","frame":0,"pos_x":-20.0,"pos_y":12.0,"rotation":0.0},
{"animation":"death","frame":1,"pos_x":-16.0,"pos_y":-5.0,"rotation":0.226893},
{"animation":"death","frame":2,"pos_x":-26.0,"pos_y":4.0,"rotation":-0.05236},
{"animation":"death","frame":3,"pos_x":-35.0,"pos_y":14.0,"rotation":-0.401426},
{"animation":"death","frame":4,"pos_x":-24.0,"pos_y":13.0,"rotation":-0.401426},
{"animation":"death","frame":5,"pos_x":-31.0,"pos_y":26.0,"rotation":-0.837758},
{"animation":"death","frame":6,"pos_x":-32.0,"pos_y":36.0,"rotation":-1.343904},
{"animation":"death","frame":7,"pos_x":-48.0,"pos_y":40.0,"rotation":-1.972224},
{"animation":"death","frame":8,"pos_x":-51.0,"pos_y":66.0,"rotation":-2.303834},
{"animation":"death","frame":9,"pos_x":-51.0,"pos_y":66.0,"rotation":-2.303834},
{"animation":"death","frame":10,"pos_x":-51.0,"pos_y":66.0,"rotation":-2.303834},
{"animation":"death","frame":11,"pos_x":-51.0,"pos_y":66.0,"rotation":-2.303834},
{"animation":"death","frame":12,"pos_x":-51.0,"pos_y":66.0,"rotation":-2.303834},
{"animation":"death","frame":13,"pos_x":-51.0,"pos_y":66.0,"rotation":-2.303834},
{"animation":"death","frame":14,"pos_x":-51.0,"pos_y":66.0,"rotation":-2.303834},
{"animation":"death","frame":15,"pos_x":-51.0,"pos_y":66.0,"rotation":-2.303834},
{"animation":"death","frame":16,"pos_x":-51.0,"pos_y":66.0,"rotation":-2.303834},
{"animation":"death","frame":17,"pos_x":-51.0,"pos_y":66.0,"rotation":-2.303834},
{"animation":"death","frame":18,"pos_x":-51.0,"pos_y":66.0,"rotation":-2.303834},
{"animation":"death","frame":19,"pos_x":-51.0,"pos_y":66.0,"rotation":-2.303834},
{"animation":"death","frame":20,"pos_x":-51.0,"pos_y":66.0,"rotation":-2.303834},
{"animation":"death","frame":21,"pos_x":-51.0,"pos_y":66.0,"rotation":-2.303834},
{"animation":"death","frame":22,"pos_x":-51.0,"pos_y":66.0,"rotation":-2.303834},
{"animation":"death","frame":23,"pos_x":-51.0,"pos_y":66.0,"rotation":-2.303834},
{"animation":"death","frame":24,"pos_x":-51.0,"pos_y":66.0,"rotation":-2.303834},
{"animation":"death","frame":25,"pos_x":-51.0,"pos_y":66.0,"rotation":-2.303834},
{"animation":"death","frame":26,"pos_x":-51.0,"pos_y":66.0,"rotation":-2.303834},
{"animation":"death","frame":27,"pos_x":-51.0,"pos_y":66.0,"rotation":-2.303834},
{"animation":"death","frame":28,"pos_x":-51.0,"pos_y":66.0,"rotation":-2.303834},
{"animation":"death","frame":29,"pos_x":-51.0,"pos_y":66.0,"rotation":-2.303834},
{"animation":"death","frame":30,"pos_x":-51.0,"pos_y":66.0,"rotation":-2.303834},
{"animation":"death","frame":31,"pos_x":-51.0,"pos_y":66.0,"rotation":-2.303834},
{"animation":"death","frame":32,"pos_x":-51.0,"pos_y":66.0,"rotation":-2.303834},
{"animation":"death","frame":33,"pos_x":-51.0,"pos_y":66.0,"rotation":-2.303834},
{"animation":"death","frame":34,"pos_x":-51.0,"pos_y":66.0,"rotation":-2.303834},
{"animation":"death","frame":35,"pos_x":-51.0,"pos_y":66.0,"rotation":-2.303834},
{"animation":"death","frame":36,"pos_x":-51.0,"pos_y":66.0,"rotation":-2.303834},
{"animation":"death","frame":37,"pos_x":-51.0,"pos_y":66.0,"rotation":-2.303834},
{"animation":"death","frame":38,"pos_x":-51.0,"pos_y":66.0,"rotation":-2.303834},
{"animation":"death","frame":39,"pos_x":-51.0,"pos_y":66.0,"rotation":-2.303834},
{"animation":"death","frame":40,"pos_x":-51.0,"pos_y":66.0,"rotation":-2.303834},
{"animation":"death","frame":41,"pos_x":-51.0,"pos_y":66.0,"rotation":-2.303834},
{"animation":"death_despawn","frame":0,"pos_x":-51.0,"pos_y":66.0,"rotation":-2.303834},
{"animation":"death_despawn","frame":1,"pos_x":-51.0,"pos_y":66.0,"rotation":-2.303834},
{"animation":"death_despawn","frame":2,"pos_x":-51.0,"pos_y":66.0,"rotation":-2.303834},
{"animation":"death_despawn","frame":3,"pos_x":-51.0,"pos_y":66.0,"rotation":-2.303834},
{"animation":"death_despawn","frame":4,"pos_x":-51.0,"pos_y":66.0,"rotation":-2.303834},
{"animation":"death_despawn","frame":5,"pos_x":-51.0,"pos_y":66.0,"rotation":-2.303834},
{"animation":"death_despawn","frame":6,"pos_x":-51.0,"pos_y":66.0,"rotation":-2.303834},
{"animation":"death_despawn","frame":7,"pos_x":-51.0,"pos_y":66.0,"rotation":-2.303834},
{"animation":"death_despawn","frame":8,"pos_x":-51.0,"pos_y":66.0,"rotation":-2.303834},
{"animation":"death_despawn","frame":9,"pos_x":-51.0,"pos_y":66.0,"rotation":-2.303834},
{"animation":"death_despawn","frame":10,"pos_x":-51.0,"pos_y":66.0,"rotation":-2.303834},
{"animation":"flee","frame":0,"pos_x":-3.0,"pos_y":-32.0,"rotation":-0.907571},
{"animation":"flee","frame":1,"pos_x":-3.0,"pos_y":-32.0,"rotation":-1.047198},
{"animation":"flee","frame":2,"pos_x":-1.0,"pos_y":-31.0,"rotation":-1.204278},
{"animation":"flee","frame":3,"pos_x":-1.5,"pos_y":-31.5,"rotation":-1.256638},
{"animation":"flee","frame":4,"pos_x":-2.0,"pos_y":-32.0,"rotation":-1.308998},
{"animation":"flee","frame":5,"pos_x":-1.7142857143,"pos_y":-32.1428571429,"rotation":-1.286558},
{"animation":"flee","frame":6,"pos_x":-1.4285714286,"pos_y":-32.2857142857,"rotation":-1.264118},
{"animation":"flee","frame":7,"pos_x":-1.1428571429,"pos_y":-32.4285714286,"rotation":-1.241678},
{"animation":"flee","frame":8,"pos_x":-0.8571428571,"pos_y":-32.5714285714,"rotation":-1.219238},
{"animation":"flee","frame":9,"pos_x":-0.5714285714,"pos_y":-32.7142857143,"rotation":-1.196798},
{"animation":"flee","frame":10,"pos_x":-0.2857142857,"pos_y":-32.8571428571,"rotation":-1.174358},
{"animation":"flee","frame":11,"pos_x":0.0,"pos_y":-33.0,"rotation":-1.151918},
{"animation":"flee","frame":12,"pos_x":31.0,"pos_y":-11.0,"rotation":0.872665},
{"animation":"flee","frame":13,"pos_x":31.0,"pos_y":-11.0,"rotation":1.0122915},
{"animation":"flee","frame":14,"pos_x":31.0,"pos_y":-11.0,"rotation":1.151918},
{"animation":"flee","frame":15,"pos_x":31.25,"pos_y":-9.125,"rotation":1.199914625},
{"animation":"flee","frame":16,"pos_x":31.5,"pos_y":-7.25,"rotation":1.24791125},
{"animation":"flee","frame":17,"pos_x":31.75,"pos_y":-5.375,"rotation":1.295907875},
{"animation":"flee","frame":18,"pos_x":32.0,"pos_y":-3.5,"rotation":1.3439045},
{"animation":"flee","frame":19,"pos_x":32.25,"pos_y":-1.625,"rotation":1.391901125},
{"animation":"flee","frame":20,"pos_x":32.5,"pos_y":0.25,"rotation":1.43989775},
{"animation":"flee","frame":21,"pos_x":32.75,"pos_y":2.125,"rotation":1.487894375},
{"animation":"flee","frame":22,"pos_x":33.0,"pos_y":4.0,"rotation":1.535891},
{"animation":"flee","frame":23,"pos_x":32.8125,"pos_y":5.5,"rotation":1.538072625},
{"animation":"flee","frame":24,"pos_x":32.625,"pos_y":7.0,"rotation":1.54025425},
{"animation":"flee","frame":25,"pos_x":32.4375,"pos_y":8.5,"rotation":1.542435875},
{"animation":"flee","frame":26,"pos_x":32.25,"pos_y":10.0,"rotation":1.5446175},
{"animation":"flee","frame":27,"pos_x":32.0625,"pos_y":11.5,"rotation":1.546799125},
{"animation":"flee","frame":28,"pos_x":31.875,"pos_y":13.0,"rotation":1.54898075},
{"animation":"flee","frame":29,"pos_x":31.6875,"pos_y":14.5,"rotation":1.551162375},
{"animation":"flee","frame":30,"pos_x":31.5,"pos_y":16.0,"rotation":1.553344},
{"animation":"flee","frame":31,"pos_x":31.3125,"pos_y":17.5,"rotation":1.55552575},
{"animation":"flee","frame":32,"pos_x":31.125,"pos_y":19.0,"rotation":1.5577075},
{"animation":"flee","frame":33,"pos_x":30.9375,"pos_y":20.5,"rotation":1.55988925},
{"animation":"flee","frame":34,"pos_x":30.75,"pos_y":22.0,"rotation":1.562071},
{"animation":"flee","frame":35,"pos_x":30.5625,"pos_y":23.5,"rotation":1.56425275},
{"animation":"flee","frame":36,"pos_x":30.375,"pos_y":25.0,"rotation":1.5664345},
{"animation":"flee","frame":37,"pos_x":30.1875,"pos_y":26.5,"rotation":1.56861625},
{"animation":"flee","frame":38,"pos_x":30.0,"pos_y":28.0,"rotation":1.570798},
{"animation":"flee","frame":39,"pos_x":30.0,"pos_y":28.0,"rotation":1.570798},
{"animation":"flee","frame":40,"pos_x":30.0,"pos_y":28.0,"rotation":1.570798},
{"animation":"flee","frame":41,"pos_x":30.0,"pos_y":28.0,"rotation":1.570798},
{"animation":"flee","frame":42,"pos_x":30.0,"pos_y":28.0,"rotation":1.570798},
{"animation":"flee","frame":43,"pos_x":30.0,"pos_y":28.0,"rotation":1.570798},
{"animation":"flee","frame":44,"pos_x":30.0,"pos_y":28.0,"rotation":1.570798},
{"animation":"flee","frame":45,"pos_x":30.0,"pos_y":28.0,"rotation":1.570798},
{"animation":"flee","frame":46,"pos_x":30.0,"pos_y":28.0,"rotation":1.570798},
{"animation":"flee","frame":47,"pos_x":30.0,"pos_y":28.0,"rotation":1.570798},
{"animation":"flee","frame":48,"pos_x":30.0,"pos_y":28.0,"rotation":1.570798},
{"animation":"flee","frame":49,"pos_x":29.9,"pos_y":28.0,"rotation":1.570798},
{"animation":"flee","frame":50,"pos_x":29.8,"pos_y":28.0,"rotation":1.570798},
{"animation":"flee","frame":51,"pos_x":29.7,"pos_y":28.0,"rotation":1.570798},
{"animation":"flee","frame":52,"pos_x":29.6,"pos_y":28.0,"rotation":1.570798},
{"animation":"flee","frame":53,"pos_x":29.5,"pos_y":28.0,"rotation":1.570798},
{"animation":"flee","frame":54,"pos_x":29.4,"pos_y":28.0,"rotation":1.570798},
{"animation":"flee","frame":55,"pos_x":29.3,"pos_y":28.0,"rotation":1.570798},
{"animation":"flee","frame":56,"pos_x":29.2,"pos_y":28.0,"rotation":1.570798},
{"animation":"flee","frame":57,"pos_x":29.1,"pos_y":28.0,"rotation":1.570798},
{"animation":"flee","frame":58,"pos_x":29.0,"pos_y":28.0,"rotation":1.570798},
{"animation":"flee","frame":59,"pos_x":29.2,"pos_y":28.0,"rotation":1.570798},
{"animation":"flee","frame":60,"pos_x":29.4,"pos_y":28.0,"rotation":1.570798},
{"animation":"flee","frame":61,"pos_x":29.6,"pos_y":28.0,"rotation":1.570798},
{"animation":"flee","frame":62,"pos_x":29.8,"pos_y":28.0,"rotation":1.570798},
{"animation":"flee","frame":63,"pos_x":30.0,"pos_y":28.0,"rotation":1.570798},
{"animation":"flee","frame":64,"pos_x":29.0,"pos_y":28.1428571429,"rotation":1.570798},
{"animation":"flee","frame":65,"pos_x":28.0,"pos_y":28.2857142857,"rotation":1.570798},
{"animation":"flee","frame":66,"pos_x":27.0,"pos_y":28.4285714286,"rotation":1.570798},
{"animation":"flee","frame":67,"pos_x":26.0,"pos_y":28.5714285714,"rotation":1.570798},
{"animation":"flee","frame":68,"pos_x":25.0,"pos_y":28.7142857143,"rotation":1.570798},
{"animation":"flee","frame":69,"pos_x":24.0,"pos_y":28.8571428571,"rotation":1.570798},
{"animation":"flee","frame":70,"pos_x":23.0,"pos_y":29.0,"rotation":1.570798},
{"animation":"flee","frame":71,"pos_x":21.142857,"pos_y":28.0,"rotation":1.4286781667},
{"animation":"flee","frame":72,"pos_x":19.285714,"pos_y":27.0,"rotation":1.2865583333},
{"animation":"flee","frame":73,"pos_x":17.428571,"pos_y":26.0,"rotation":1.1444385},
{"animation":"flee","frame":74,"pos_x":15.571428,"pos_y":25.0,"rotation":1.0023186667},
{"animation":"flee","frame":75,"pos_x":13.714285,"pos_y":24.0,"rotation":0.8601988333},
{"animation":"flee","frame":76,"pos_x":11.857142,"pos_y":23.0,"rotation":0.718079},
{"animation":"flee","frame":77,"pos_x":-24.0,"pos_y":15.0,"rotation":-0.087266},
{"animation":"idle","frame":0,"pos_x":-23.8888888889,"pos_y":15.5555555556,"rotation":-0.0989015556},
{"animation":"idle","frame":1,"pos_x":-23.7777777778,"pos_y":16.1111111111,"rotation":-0.1105371111},
{"animation":"idle","frame":2,"pos_x":-23.6666666667,"pos_y":16.6666666667,"rotation":-0.1221726667},
{"animation":"idle","frame":3,"pos_x":-23.5555555556,"pos_y":17.2222222222,"rotation":-0.1338082222},
{"animation":"idle","frame":4,"pos_x":-23.4444444444,"pos_y":17.7777777778,"rotation":-0.1454437778},
{"animation":"idle","frame":5,"pos_x":-23.3333333333,"pos_y":18.3333333333,"rotation":-0.1570793333},
{"animation":"idle","frame":6,"pos_x":-23.2222222222,"pos_y":18.8888888889,"rotation":-0.1687148889},
{"animation":"idle","frame":7,"pos_x":-23.1111111111,"pos_y":19.4444444444,"rotation":-0.1803504444},
{"animation":"idle","frame":8,"pos_x":-23.0,"pos_y":20.0,"rotation":-0.191986},
{"animation":"idle","frame":9,"pos_x":-22.25,"pos_y":20.75,"rotation":-0.2268925},
{"animation":"idle","frame":10,"pos_x":-21.5,"pos_y":21.5,"rotation":-0.261799},
{"animation":"idle","frame":11,"pos_x":-20.75,"pos_y":22.25,"rotation":-0.2967055},
{"animation":"idle","frame":12,"pos_x":-20.0,"pos_y":23.0,"rotation":-0.331612},
{"animation":"idle","frame":13,"pos_x":-20.2666666667,"pos_y":22.4666666667,"rotation":-0.3199765333},
{"animation":"idle","frame":14,"pos_x":-20.5333333333,"pos_y":21.9333333333,"rotation":-0.3083410667},
{"animation":"idle","frame":15,"pos_x":-20.8,"pos_y":21.4,"rotation":-0.2967056},
{"animation":"idle","frame":16,"pos_x":-21.0666666667,"pos_y":20.8666666667,"rotation":-0.2850701333},
{"animation":"idle","frame":17,"pos_x":-21.3333333333,"pos_y":20.3333333333,"rotation":-0.2734346667},
{"animation":"idle","frame":18,"pos_x":-21.6,"pos_y":19.8,"rotation":-0.2617992},
{"animation":"idle","frame":19,"pos_x":-21.8666666667,"pos_y":19.2666666667,"rotation":-0.2501637333},
{"animation":"idle","frame":20,"pos_x":-22.1333333333,"pos_y":18.7333333333,"rotation":-0.2385282667},
{"animation":"idle","frame":21,"pos_x":-22.4,"pos_y":18.2,"rotation":-0.2268928},
{"animation":"idle","frame":22,"pos_x":-22.6666666667,"pos_y":17.6666666667,"rotation":-0.2152573333},
{"animation":"idle","frame":23,"pos_x":-22.9333333333,"pos_y":17.1333333333,"rotation":-0.2036218667},
{"animation":"idle","frame":24,"pos_x":-23.2,"pos_y":16.6,"rotation":-0.1919864},
{"animation":"idle","frame":25,"pos_x":-23.4666666667,"pos_y":16.0666666667,"rotation":-0.1803509333},
{"animation":"idle","frame":26,"pos_x":-23.7333333333,"pos_y":15.5333333333,"rotation":-0.1687154667},
{"animation":"idle","frame":27,"pos_x":-24.0,"pos_y":15.0,"rotation":-0.15708},
{"animation":"idle","frame":28,"pos_x":-20.0,"pos_y":14.0,"rotation":-0.15708},
{"animation":"idle_armed","frame":0,"pos_x":-19.375,"pos_y":14.25,"rotation":-0.15708},
{"animation":"idle_armed","frame":1,"pos_x":-18.75,"pos_y":14.5,"rotation":-0.15708},
{"animation":"idle_armed","frame":2,"pos_x":-18.125,"pos_y":14.75,"rotation":-0.15708},
{"animation":"idle_armed","frame":3,"pos_x":-17.5,"pos_y":15.0,"rotation":-0.15708},
{"animation":"idle_armed","frame":4,"pos_x":-16.875,"pos_y":15.25,"rotation":-0.15708},
{"animation":"idle_armed","frame":5,"pos_x":-16.25,"pos_y":15.5,"rotation":-0.15708},
{"animation":"idle_armed","frame":6,"pos_x":-15.625,"pos_y":15.75,"rotation":-0.15708},
{"animation":"idle_armed","frame":7,"pos_x":-15.0,"pos_y":16.0,"rotation":-0.15708},
{"animation":"idle_armed","frame":8,"pos_x":-15.0,"pos_y":16.0,"rotation":-0.15708},
{"animation":"idle_armed","frame":9,"pos_x":-15.0,"pos_y":16.0,"rotation":-0.15708},
{"animation":"idle_armed","frame":10,"pos_x":-15.0,"pos_y":16.0,"rotation":-0.15708},
{"animation":"idle_armed","frame":11,"pos_x":-15.0,"pos_y":16.0,"rotation":-0.15708},
{"animation":"idle_armed","frame":12,"pos_x":-17.0,"pos_y":15.6666666667,"rotation":-0.15708},
{"animation":"idle_armed","frame":13,"pos_x":-19.0,"pos_y":15.3333333333,"rotation":-0.15708},
{"animation":"idle_armed","frame":14,"pos_x":-21.0,"pos_y":15.0,"rotation":-0.15708},
{"animation":"idle_armed","frame":15,"pos_x":-20.6666666667,"pos_y":14.1666666667,"rotation":-0.1774421667},
{"animation":"idle_armed","frame":16,"pos_x":-20.3333333333,"pos_y":13.3333333333,"rotation":-0.1978043333},
{"animation":"idle_armed","frame":17,"pos_x":-20.0,"pos_y":12.5,"rotation":-0.2181665},
{"animation":"idle_armed","frame":18,"pos_x":-19.6666666667,"pos_y":11.6666666667,"rotation":-0.2385286667},
{"animation":"idle_armed","frame":19,"pos_x":-19.3333333333,"pos_y":10.8333333333,"rotation":-0.2588908333},
{"animation":"idle_armed","frame":20,"pos_x":-19.0,"pos_y":10.0,"rotation":-0.279253},
{"animation":"idle_armed","frame":21,"pos_x":-19.0,"pos_y":10.6,"rotation":-0.279253},
{"animation":"idle_armed","frame":22,"pos_x":-19.0,"pos_y":11.2,"rotation":-0.279253},
{"animation":"idle_armed","frame":23,"pos_x":-19.0,"pos_y":11.8,"rotation":-0.279253},
{"animation":"idle_armed","frame":24,"pos_x":-19.0,"pos_y":12.4,"rotation":-0.279253},
{"animation":"idle_armed","frame":25,"pos_x":-19.0,"pos_y":13.0,"rotation":-0.279253},
{"animation":"idle_armed","frame":26,"pos_x":-19.0,"pos_y":13.0,"rotation":-0.279253},
{"animation":"idle_armed","frame":27,"pos_x":-19.0,"pos_y":13.0,"rotation":-0.279253},
{"animation":"idle_armed","frame":28,"pos_x":-19.0,"pos_y":13.0,"rotation":-0.279253},
{"animation":"idle_armed","frame":29,"pos_x":-19.0,"pos_y":13.0,"rotation":-0.279253},
{"animation":"idle_armed_focused","frame":0,"pos_x":-19.0,"pos_y":13.0,"rotation":-0.279253},
{"animation":"idle_armed_focused","frame":1,"pos_x":-17.5,"pos_y":14.0,"rotation":-0.3316125},
{"animation":"idle_armed_focused","frame":2,"pos_x":-16.0,"pos_y":15.0,"rotation":-0.383972},
{"animation":"idle_armed_focused","frame":3,"pos_x":-15.6,"pos_y":15.2,"rotation":-0.4118974},
{"animation":"idle_armed_focused","frame":4,"pos_x":-15.2,"pos_y":15.4,"rotation":-0.4398228},
{"animation":"idle_armed_focused","frame":5,"pos_x":-14.8,"pos_y":15.6,"rotation":-0.4677482},
{"animation":"idle_armed_focused","frame":6,"pos_x":-14.4,"pos_y":15.8,"rotation":-0.4956736},
{"animation":"idle_armed_focused","frame":7,"pos_x":-14.0,"pos_y":16.0,"rotation":-0.523599},
{"animation":"idle_armed_focused","frame":8,"pos_x":-14.25,"pos_y":16.25,"rotation":-0.5192355},
{"animation":"idle_armed_focused","frame":9,"pos_x":-14.5,"pos_y":16.5,"rotation":-0.514872},
{"animation":"idle_armed_focused","frame":10,"pos_x":-14.75,"pos_y":16.75,"rotation":-0.5105085},
{"animation":"idle_armed_focused","frame":11,"pos_x":-15.0,"pos_y":17.0,"rotation":-0.506145},
{"animation":"idle_armed_focused","frame":12,"pos_x":-17.0,"pos_y":16.0,"rotation":-0.4246963333},
{"animation":"idle_armed_focused","frame":13,"pos_x":-19.0,"pos_y":15.0,"rotation":-0.3432476667},
{"animation":"idle_armed_focused","frame":14,"pos_x":-21.0,"pos_y":14.0,"rotation":-0.261799},
{"animation":"idle_armed_focused","frame":15,"pos_x":-20.5714285714,"pos_y":13.4285714286,"rotation":-0.2468391429},
{"animation":"idle_armed_focused","frame":16,"pos_x":-20.1428571429,"pos_y":12.8571428571,"rotation":-0.2318792857},
{"animation":"idle_armed_focused","frame":17,"pos_x":-19.7142857143,"pos_y":12.2857142857,"rotation":-0.2169194286},
{"animation":"idle_armed_focused","frame":18,"pos_x":-19.2857142857,"pos_y":11.7142857143,"rotation":-0.2019595714},
{"animation":"idle_armed_focused","frame":19,"pos_x":-18.8571428571,"pos_y":11.1428571429,"rotation":-0.1869997143},
{"animation":"idle_armed_focused","frame":20,"pos_x":-18.4285714286,"pos_y":10.5714285714,"rotation":-0.1720398571},
{"animation":"idle_armed_focused","frame":21,"pos_x":-18.0,"pos_y":10.0,"rotation":-0.15708},
{"animation":"idle_armed_focused","frame":22,"pos_x":-18.2857142857,"pos_y":10.7142857143,"rotation":-0.15708},
{"animation":"idle_armed_focused","frame":23,"pos_x":-18.5714285714,"pos_y":11.4285714286,"rotation":-0.15708},
{"animation":"idle_armed_focused","frame":24,"pos_x":-18.8571428571,"pos_y":12.1428571429,"rotation":-0.15708},
{"animation":"idle_armed_focused","frame":25,"pos_x":-19.1428571429,"pos_y":12.8571428571,"rotation":-0.15708},
{"animation":"idle_armed_focused","frame":26,"pos_x":-19.4285714286,"pos_y":13.5714285714,"rotation":-0.15708},
{"animation":"idle_armed_focused","frame":27,"pos_x":-19.7142857143,"pos_y":14.2857142857,"rotation":-0.15708},
{"animation":"idle_armed_focused","frame":28,"pos_x":-20.0,"pos_y":15.0,"rotation":-0.15708},
{"animation":"idle_armed_focused","frame":29,"pos_x":-20.0,"pos_y":15.0,"rotation":-0.15708},
{"animation":"panic","frame":0,"pos_x":-20.0,"pos_y":15.0,"rotation":-0.15708},
{"animation":"panic","frame":1,"pos_x":-4.0,"pos_y":-32.0,"rotation":-1.274091},
{"animation":"panic","frame":2,"pos_x":-4.0,"pos_y":-32.0,"rotation":-1.326451},
{"animation":"panic","frame":3,"pos_x":-4.0,"pos_y":-32.0,"rotation":-1.221731},
{"animation":"panic","frame":4,"pos_x":-4.0,"pos_y":-32.0,"rotation":-1.082105},
{"animation":"panic","frame":5,"pos_x":-21.0,"pos_y":-7.0,"rotation":-1.326451},
{"animation":"sleep","frame":0,"pos_x":-38.0,"pos_y":18.0,"rotation":-1.570797},
{"animation":"sleep","frame":1,"pos_x":-38.0,"pos_y":18.0,"rotation":-1.5707992517},
{"animation":"sleep","frame":2,"pos_x":-38.0,"pos_y":18.0,"rotation":-1.5708015034},
{"animation":"sleep","frame":3,"pos_x":-38.0,"pos_y":18.0,"rotation":-1.5708037551},
{"animation":"sleep","frame":4,"pos_x":-38.0,"pos_y":18.0,"rotation":-1.5708060068},
{"animation":"sleep","frame":5,"pos_x":-38.0,"pos_y":18.0,"rotation":-1.5708082585},
{"animation":"sleep","frame":6,"pos_x":-38.0,"pos_y":18.0,"rotation":-1.5708105102},
{"animation":"sleep","frame":7,"pos_x":-38.0,"pos_y":18.0,"rotation":-1.5708127619},
{"animation":"sleep","frame":8,"pos_x":-38.0,"pos_y":18.0,"rotation":-1.5708150136},
{"animation":"sleep","frame":9,"pos_x":-38.0,"pos_y":18.0,"rotation":-1.5708172653},
{"animation":"sleep","frame":10,"pos_x":-38.0,"pos_y":18.0,"rotation":-1.570819517},
{"animation":"sleep","frame":11,"pos_x":-38.0,"pos_y":18.0,"rotation":-1.5708217687},
{"animation":"sleep","frame":12,"pos_x":-38.0,"pos_y":18.0,"rotation":-1.5708240204},
{"animation":"sleep","frame":13,"pos_x":-38.0,"pos_y":18.0,"rotation":-1.5708262721},
{"animation":"sleep","frame":14,"pos_x":-38.0,"pos_y":18.0,"rotation":-1.5708285238},
{"animation":"sleep","frame":15,"pos_x":-38.0,"pos_y":18.0,"rotation":-1.5708307755},
{"animation":"sleep","frame":16,"pos_x":-38.0,"pos_y":18.0,"rotation":-1.5708330272},
{"animation":"sleep","frame":17,"pos_x":-38.0,"pos_y":18.0,"rotation":-1.5708352789},
{"animation":"sleep","frame":18,"pos_x":-38.0,"pos_y":18.0,"rotation":-1.5708375306},
{"animation":"sleep","frame":19,"pos_x":-38.0,"pos_y":18.0,"rotation":-1.5708397823},
{"animation":"sleep","frame":20,"pos_x":-38.0,"pos_y":18.0,"rotation":-1.570842034},
{"animation":"sleep","frame":21,"pos_x":-38.0,"pos_y":18.0,"rotation":-1.5708442857},
{"animation":"sleep","frame":22,"pos_x":-38.0,"pos_y":18.0,"rotation":-1.5708465374},
{"animation":"sleep","frame":23,"pos_x":-38.0,"pos_y":18.0,"rotation":-1.5708487891},
{"animation":"sleep","frame":24,"pos_x":-38.0,"pos_y":18.0,"rotation":-1.5708510408},
{"animation":"sleep","frame":25,"pos_x":-38.0,"pos_y":18.0,"rotation":-1.5708532925},
{"animation":"sleep","frame":26,"pos_x":-38.0,"pos_y":18.0,"rotation":-1.5708555442},
{"animation":"sleep","frame":27,"pos_x":-38.0,"pos_y":18.0,"rotation":-1.5708577959},
{"animation":"sleep","frame":28,"pos_x":-38.0,"pos_y":18.0,"rotation":-1.5708600476},
{"animation":"sleep","frame":29,"pos_x":-38.0,"pos_y":18.0,"rotation":-1.5708622993},
{"animation":"sleep","frame":30,"pos_x":-38.0,"pos_y":18.0,"rotation":-1.570864551},
{"animation":"sleep","frame":31,"pos_x":-38.0,"pos_y":18.0,"rotation":-1.5708668027},
{"animation":"sleep","frame":32,"pos_x":-38.0,"pos_y":18.0,"rotation":-1.5708690544},
{"animation":"sleep","frame":33,"pos_x":-38.0,"pos_y":18.0,"rotation":-1.5708713061},
{"animation":"sleep","frame":34,"pos_x":-38.0,"pos_y":18.0,"rotation":-1.5708735578},
{"animation":"sleep","frame":35,"pos_x":-38.0,"pos_y":18.0,"rotation":-1.5708758095},
{"animation":"sleep","frame":36,"pos_x":-38.0,"pos_y":18.0,"rotation":-1.5708780612},
{"animation":"sleep","frame":37,"pos_x":-38.0,"pos_y":18.0,"rotation":-1.5708803129},
{"animation":"sleep","frame":38,"pos_x":-38.0,"pos_y":18.0,"rotation":-1.5708825646},
{"animation":"sleep","frame":39,"pos_x":-38.0,"pos_y":18.0,"rotation":-1.5708848163},
{"animation":"sleep","frame":40,"pos_x":-38.0,"pos_y":18.0,"rotation":-1.570887068},
{"animation":"sleep","frame":41,"pos_x":-38.0,"pos_y":18.0,"rotation":-1.5708893197},
{"animation":"sleep","frame":42,"pos_x":-38.0,"pos_y":18.0,"rotation":-1.5708915714},
{"animation":"sleep","frame":43,"pos_x":-38.0,"pos_y":18.0,"rotation":-1.5708938231},
{"animation":"sleep","frame":44,"pos_x":-38.0,"pos_y":18.0,"rotation":-1.5708960748},
{"animation":"sleep","frame":45,"pos_x":-38.0,"pos_y":18.0,"rotation":-1.5708983265},
{"animation":"sleep","frame":46,"pos_x":-38.0,"pos_y":18.0,"rotation":-1.5709005782},
{"animation":"sleep","frame":47,"pos_x":-38.0,"pos_y":18.0,"rotation":-1.5709028299},
{"animation":"sleep","frame":48,"pos_x":-38.0,"pos_y":18.0,"rotation":-1.5709050816},
{"animation":"sleep","frame":49,"pos_x":-38.0,"pos_y":18.0,"rotation":-1.5709073333},
{"animation":"sleep","frame":50,"pos_x":-38.0,"pos_y":18.0,"rotation":-1.570909585},
{"animation":"sleep","frame":51,"pos_x":-38.0,"pos_y":18.0,"rotation":-1.5709118367},
{"animation":"sleep","frame":52,"pos_x":-38.0,"pos_y":18.0,"rotation":-1.5709140884},
{"animation":"sleep","frame":53,"pos_x":-38.0,"pos_y":18.0,"rotation":-1.5709163401},
{"animation":"sleep","frame":54,"pos_x":-38.0,"pos_y":18.0,"rotation":-1.5709185918},
{"animation":"sleep","frame":55,"pos_x":-38.0,"pos_y":18.0,"rotation":-1.5709208435},
{"animation":"sleep","frame":56,"pos_x":-38.0,"pos_y":18.0,"rotation":-1.5709230952},
{"animation":"sleep","frame":57,"pos_x":-38.0,"pos_y":18.0,"rotation":-1.5709253469},
{"animation":"sleep","frame":58,"pos_x":-38.0,"pos_y":18.0,"rotation":-1.5709275986},
{"animation":"sleep","frame":59,"pos_x":-38.0,"pos_y":18.0,"rotation":-1.5709298503},
{"animation":"sleep","frame":60,"pos_x":-38.0,"pos_y":18.0,"rotation":-1.570932102},
{"animation":"sleep","frame":61,"pos_x":-38.0,"pos_y":18.0,"rotation":-1.5709343537},
{"animation":"sleep","frame":62,"pos_x":-38.0,"pos_y":18.0,"rotation":-1.5709366054},
{"animation":"sleep","frame":63,"pos_x":-38.0,"pos_y":18.0,"rotation":-1.5709388571},
{"animation":"sleep","frame":64,"pos_x":-38.0,"pos_y":18.0,"rotation":-1.5709411088},
{"animation":"sleep","frame":65,"pos_x":-38.0,"pos_y":18.0,"rotation":-1.5709433605},
{"animation":"sleep","frame":66,"pos_x":-38.0,"pos_y":18.0,"rotation":-1.5709456122},
{"animation":"sleep","frame":67,"pos_x":-38.0,"pos_y":18.0,"rotation":-1.5709478639},
{"animation":"sleep","frame":68,"pos_x":-38.0,"pos_y":18.0,"rotation":-1.5709501156},
{"animation":"sleep","frame":69,"pos_x":-38.0,"pos_y":18.0,"rotation":-1.5709523673},
{"animation":"sleep","frame":70,"pos_x":-38.0,"pos_y":18.0,"rotation":-1.570954619},
{"animation":"sleep","frame":71,"pos_x":-38.0,"pos_y":18.0,"rotation":-1.5709568707},
{"animation":"sleep","frame":72,"pos_x":-38.0,"pos_y":18.0,"rotation":-1.5709591224},
{"animation":"sleep","frame":73,"pos_x":-38.0,"pos_y":18.0,"rotation":-1.5709613741},
{"animation":"sleep","frame":74,"pos_x":-38.0,"pos_y":18.0,"rotation":-1.5709636259},
{"animation":"sleep","frame":75,"pos_x":-38.0,"pos_y":18.0,"rotation":-1.5709658776},
{"animation":"sleep","frame":76,"pos_x":-38.0,"pos_y":18.0,"rotation":-1.5709681293},
{"animation":"sleep","frame":77,"pos_x":-38.0,"pos_y":18.0,"rotation":-1.570970381},
{"animation":"sleep","frame":78,"pos_x":-38.0,"pos_y":18.0,"rotation":-1.5709726327},
{"animation":"sleep","frame":79,"pos_x":-38.0,"pos_y":18.0,"rotation":-1.5709748844},
{"animation":"sleep","frame":80,"pos_x":-38.0,"pos_y":18.0,"rotation":-1.5709771361},
{"animation":"sleep","frame":81,"pos_x":-38.0,"pos_y":18.0,"rotation":-1.5709793878},
{"animation":"sleep","frame":82,"pos_x":-38.0,"pos_y":18.0,"rotation":-1.5709816395},
{"animation":"sleep","frame":83,"pos_x":-38.0,"pos_y":18.0,"rotation":-1.5709838912},
{"animation":"sleep","frame":84,"pos_x":-38.0,"pos_y":18.0,"rotation":-1.5709861429},
{"animation":"sleep","frame":85,"pos_x":-38.0,"pos_y":18.0,"rotation":-1.5709883946},
{"animation":"sleep","frame":86,"pos_x":-38.0,"pos_y":18.0,"rotation":-1.5709906463},
{"animation":"sleep","frame":87,"pos_x":-38.0,"pos_y":18.0,"rotation":-1.570992898},
{"animation":"sleep","frame":88,"pos_x":-38.0,"pos_y":18.0,"rotation":-1.5709951497},
{"animation":"sleep","frame":89,"pos_x":-38.0,"pos_y":18.0,"rotation":-1.5709974014},
{"animation":"sleep","frame":90,"pos_x":-38.0,"pos_y":18.0,"rotation":-1.5709996531},
{"animation":"sleep","frame":91,"pos_x":-38.0,"pos_y":18.0,"rotation":-1.5710019048},
{"animation":"sleep","frame":92,"pos_x":-38.0,"pos_y":18.0,"rotation":-1.5710041565},
{"animation":"sleep","frame":93,"pos_x":-38.0,"pos_y":18.0,"rotation":-1.5710064082},
{"animation":"sleep","frame":94,"pos_x":-38.0,"pos_y":18.0,"rotation":-1.5710086599},
{"animation":"sleep","frame":95,"pos_x":-38.0,"pos_y":18.0,"rotation":-1.5710109116},
{"animation":"sleep","frame":96,"pos_x":-38.0,"pos_y":18.0,"rotation":-1.5710131633},
{"animation":"sleep","frame":97,"pos_x":-38.0,"pos_y":18.0,"rotation":-1.571015415},
{"animation":"sleep","frame":98,"pos_x":-38.0,"pos_y":18.0,"rotation":-1.5710176667},
{"animation":"sleep","frame":99,"pos_x":-38.0,"pos_y":18.0,"rotation":-1.5710199184},
{"animation":"sleep","frame":100,"pos_x":-38.0,"pos_y":18.0,"rotation":-1.5710221701},
{"animation":"sleep","frame":101,"pos_x":-38.0,"pos_y":18.0,"rotation":-1.5710244218},
{"animation":"sleep","frame":102,"pos_x":-38.0,"pos_y":18.0,"rotation":-1.5710266735},
{"animation":"sleep","frame":103,"pos_x":-38.0,"pos_y":18.0,"rotation":-1.5710289252},
{"animation":"sleep","frame":104,"pos_x":-38.0,"pos_y":18.0,"rotation":-1.5710311769},
{"animation":"sleep","frame":105,"pos_x":-38.0,"pos_y":18.0,"rotation":-1.5710334286},
{"animation":"sleep","frame":106,"pos_x":-38.0,"pos_y":18.0,"rotation":-1.5710356803},
{"animation":"sleep","frame":107,"pos_x":-38.0,"pos_y":18.0,"rotation":-1.571037932},
{"animation":"sleep","frame":108,"pos_x":-38.0,"pos_y":18.0,"rotation":-1.5710401837},
{"animation":"sleep","frame":109,"pos_x":-38.0,"pos_y":18.0,"rotation":-1.5710424354},
{"animation":"sleep","frame":110,"pos_x":-38.0,"pos_y":18.0,"rotation":-1.5710446871},
{"animation":"sleep","frame":111,"pos_x":-38.0,"pos_y":18.0,"rotation":-1.5710469388},
{"animation":"sleep","frame":112,"pos_x":-38.0,"pos_y":18.0,"rotation":-1.5710491905},
{"animation":"sleep","frame":113,"pos_x":-38.0,"pos_y":18.0,"rotation":-1.5710514422},
{"animation":"sleep","frame":114,"pos_x":-38.0,"pos_y":18.0,"rotation":-1.5710536939},
{"animation":"sleep","frame":115,"pos_x":-38.0,"pos_y":18.0,"rotation":-1.5710559456},
{"animation":"sleep","frame":116,"pos_x":-38.0,"pos_y":18.0,"rotation":-1.5710581973},
{"animation":"sleep","frame":117,"pos_x":-38.0,"pos_y":18.0,"rotation":-1.571060449},
{"animation":"sleep","frame":118,"pos_x":-38.0,"pos_y":18.0,"rotation":-1.5710627007},
{"animation":"sleep","frame":119,"pos_x":-38.0,"pos_y":18.0,"rotation":-1.5710649524},
{"animation":"sleep","frame":120,"pos_x":-38.0,"pos_y":18.0,"rotation":-1.5710672041},
{"animation":"sleep","frame":121,"pos_x":-38.0,"pos_y":18.0,"rotation":-1.5710694558},
{"animation":"sleep","frame":122,"pos_x":-38.0,"pos_y":18.0,"rotation":-1.5710717075},
{"animation":"sleep","frame":123,"pos_x":-38.0,"pos_y":18.0,"rotation":-1.5710739592},
{"animation":"sleep","frame":124,"pos_x":-38.0,"pos_y":18.0,"rotation":-1.5710762109},
{"animation":"sleep","frame":125,"pos_x":-38.0,"pos_y":18.0,"rotation":-1.5710784626},
{"animation":"sleep","frame":126,"pos_x":-38.0,"pos_y":18.0,"rotation":-1.5710807143},
{"animation":"sleep","frame":127,"pos_x":-38.0,"pos_y":18.0,"rotation":-1.571082966},
{"animation":"sleep","frame":128,"pos_x":-38.0,"pos_y":18.0,"rotation":-1.5710852177},
{"animation":"sleep","frame":129,"pos_x":-38.0,"pos_y":18.0,"rotation":-1.5710874694},
{"animation":"sleep","frame":130,"pos_x":-38.0,"pos_y":18.0,"rotation":-1.5710897211},
{"animation":"sleep","frame":131,"pos_x":-38.0,"pos_y":18.0,"rotation":-1.5710919728},
{"animation":"sleep","frame":132,"pos_x":-38.0,"pos_y":18.0,"rotation":-1.5710942245},
{"animation":"sleep","frame":133,"pos_x":-38.0,"pos_y":18.0,"rotation":-1.5710964762},
{"animation":"sleep","frame":134,"pos_x":-38.0,"pos_y":18.0,"rotation":-1.5710987279},
{"animation":"sleep","frame":135,"pos_x":-38.0,"pos_y":18.0,"rotation":-1.5711009796},
{"animation":"sleep","frame":136,"pos_x":-38.0,"pos_y":18.0,"rotation":-1.5711032313},
{"animation":"sleep","frame":137,"pos_x":-38.0,"pos_y":18.0,"rotation":-1.571105483},
{"animation":"sleep","frame":138,"pos_x":-38.0,"pos_y":18.0,"rotation":-1.5711077347},
{"animation":"sleep","frame":139,"pos_x":-38.0,"pos_y":18.0,"rotation":-1.5711099864},
{"animation":"sleep","frame":140,"pos_x":-38.0,"pos_y":18.0,"rotation":-1.5711122381},
{"animation":"sleep","frame":141,"pos_x":-38.0,"pos_y":18.0,"rotation":-1.5711144898},
{"animation":"sleep","frame":142,"pos_x":-38.0,"pos_y":18.0,"rotation":-1.5711167415},
{"animation":"sleep","frame":143,"pos_x":-38.0,"pos_y":18.0,"rotation":-1.5711189932},
{"animation":"sleep","frame":144,"pos_x":-38.0,"pos_y":18.0,"rotation":-1.5711212449},
{"animation":"sleep","frame":145,"pos_x":-38.0,"pos_y":18.0,"rotation":-1.5711234966},
{"animation":"sleep","frame":146,"pos_x":-38.0,"pos_y":18.0,"rotation":-1.5711257483},
{"animation":"sleep","frame":147,"pos_x":-38.0,"pos_y":18.0,"rotation":-1.571128},
{"animation":"sleep","frame":148,"pos_x":-4.0,"pos_y":-32.0,"rotation":-1.082105},
{"animation":"stagger","frame":0,"pos_x":-21.0,"pos_y":12.0,"rotation":-0.191986},
{"animation":"stagger","frame":1,"pos_x":-16.0,"pos_y":-4.0,"rotation":0.244346},
{"animation":"stagger","frame":2,"pos_x":-19.0,"pos_y":-1.0,"rotation":0.122173},
{"animation":"stagger","frame":3,"pos_x":-22.0,"pos_y":2.0,"rotation":0.122173},
{"animation":"stagger","frame":4,"pos_x":-26.0,"pos_y":5.0,"rotation":0.05236},
{"animation":"stagger","frame":5,"pos_x":-29.0,"pos_y":8.0,"rotation":-0.261799},
{"animation":"stagger","frame":6,"pos_x":-33.0,"pos_y":11.0,"rotation":-0.453785},
{"animation":"stagger","frame":7,"pos_x":-35.0,"pos_y":14.0,"rotation":-0.593412},
{"animation":"stagger","frame":8,"pos_x":-33.0,"pos_y":11.0,"rotation":-0.488692},
{"animation":"stagger","frame":9,"pos_x":-32.0,"pos_y":10.0,"rotation":-0.401426},
{"animation":"stagger","frame":10,"pos_x":-30.0,"pos_y":7.0,"rotation":-0.296706},
{"animation":"stagger","frame":11,"pos_x":-29.0,"pos_y":5.0,"rotation":-0.209439},
{"animation":"stagger","frame":12,"pos_x":-26.0,"pos_y":4.0,"rotation":-0.122173},
{"animation":"stagger","frame":13,"pos_x":-24.0,"pos_y":2.0,"rotation":-0.122173},
{"animation":"stagger","frame":14,"pos_x":-23.0,"pos_y":0.0,"rotation":0.069813},
{"animation":"stagger","frame":15,"pos_x":-22.0,"pos_y":-2.0,"rotation":0.20944},
{"animation":"stagger","frame":16,"pos_x":-22.6666666667,"pos_y":-1.25,"rotation":0.16580675},
{"animation":"stagger","frame":17,"pos_x":-23.3333333333,"pos_y":-0.5,"rotation":0.1221735},
{"animation":"stagger","frame":18,"pos_x":-24.0,"pos_y":0.25,"rotation":0.07854025},
{"animation":"stagger","frame":19,"pos_x":-24.6666666667,"pos_y":1.0,"rotation":0.034907},
{"animation":"stagger","frame":20,"pos_x":-25.3333333333,"pos_y":1.75,"rotation":-0.00872625},
{"animation":"stagger","frame":21,"pos_x":-26.0,"pos_y":2.5,"rotation":-0.0523595},
{"animation":"stagger","frame":22,"pos_x":-26.6666666667,"pos_y":3.25,"rotation":-0.09599275},
{"animation":"stagger","frame":23,"pos_x":-27.3333333333,"pos_y":4.0,"rotation":-0.139626},
{"animation":"stagger","frame":24,"pos_x":-28.0,"pos_y":4.75,"rotation":-0.18325925},
{"animation":"stagger","frame":25,"pos_x":-28.6666666667,"pos_y":5.5,"rotation":-0.2268925},
{"animation":"stagger","frame":26,"pos_x":-29.3333333333,"pos_y":6.25,"rotation":-0.27052575},
{"animation":"stagger","frame":27,"pos_x":-30.0,"pos_y":7.0,"rotation":-0.314159},
{"animation":"stagger","frame":28,"pos_x":-29.25,"pos_y":6.25,"rotation":-0.2661625},
{"animation":"stagger","frame":29,"pos_x":-28.5,"pos_y":5.5,"rotation":-0.218166},
{"animation":"stagger","frame":30,"pos_x":-27.75,"pos_y":4.75,"rotation":-0.1701695},
{"animation":"stagger","frame":31,"pos_x":-27.0,"pos_y":4.0,"rotation":-0.122173},
{"animation":"stagger","frame":32,"pos_x":-26.25,"pos_y":3.25,"rotation":-0.0741765},
{"animation":"stagger","frame":33,"pos_x":-25.5,"pos_y":2.5,"rotation":-0.02618},
{"animation":"stagger","frame":34,"pos_x":-24.75,"pos_y":1.75,"rotation":0.0218165},
{"animation":"stagger","frame":35,"pos_x":-24.0,"pos_y":1.0,"rotation":0.069813},
{"animation":"stagger","frame":36,"pos_x":-24.2727272727,"pos_y":1.2727272727,"rotation":0.0602930909},
{"animation":"stagger","frame":37,"pos_x":-24.5454545455,"pos_y":1.5454545455,"rotation":0.0507731818},
{"animation":"stagger","frame":38,"pos_x":-24.8181818182,"pos_y":1.8181818182,"rotation":0.0412532727},
{"animation":"stagger","frame":39,"pos_x":-25.0909090909,"pos_y":2.0909090909,"rotation":0.0317333636},
{"animation":"stagger","frame":40,"pos_x":-25.3636363636,"pos_y":2.3636363636,"rotation":0.0222134545},
{"animation":"stagger","frame":41,"pos_x":-25.6363636364,"pos_y":2.6363636364,"rotation":0.0126935455},
{"animation":"stagger","frame":42,"pos_x":-25.9090909091,"pos_y":2.9090909091,"rotation":0.0031736364},
{"animation":"stagger","frame":43,"pos_x":-26.1818181818,"pos_y":3.1818181818,"rotation":-0.0063462727},
{"animation":"stagger","frame":44,"pos_x":-26.4545454545,"pos_y":3.4545454545,"rotation":-0.0158661818},
{"animation":"stagger","frame":45,"pos_x":-26.7272727273,"pos_y":3.7272727273,"rotation":-0.0253860909},
{"animation":"stagger","frame":46,"pos_x":-27.0,"pos_y":4.0,"rotation":-0.034906},
{"animation":"stagger","frame":47,"pos_x":-23.5,"pos_y":8.0,"rotation":-0.1308995},
{"animation":"stagger","frame":48,"pos_x":-20.0,"pos_y":12.0,"rotation":-0.226893},
{"animation":"stagger","frame":49,"pos_x":-21.5,"pos_y":10.0,"rotation":-0.226893},
{"animation":"walk","frame":0,"pos_x":-23.0,"pos_y":8.0,"rotation":-0.226893},
{"animation":"walk","frame":1,"pos_x":-23.25,"pos_y":8.75,"rotation":-0.226893},
{"animation":"walk","frame":2,"pos_x":-23.5,"pos_y":9.5,"rotation":-0.226893},
{"animation":"walk","frame":3,"pos_x":-23.75,"pos_y":10.25,"rotation":-0.226893},
{"animation":"walk","frame":4,"pos_x":-24.0,"pos_y":11.0,"rotation":-0.226893},
{"animation":"walk","frame":5,"pos_x":-23.3333333333,"pos_y":11.0,"rotation":-0.2443463333},
{"animation":"walk","frame":6,"pos_x":-22.6666666667,"pos_y":11.0,"rotation":-0.2617996667},
{"animation":"walk","frame":7,"pos_x":-22.0,"pos_y":11.0,"rotation":-0.279253},
{"animation":"walk","frame":8,"pos_x":-22.0,"pos_y":10.5,"rotation":-0.253073},
{"animation":"walk","frame":9,"pos_x":-22.0,"pos_y":10.0,"rotation":-0.226893},
{"animation":"walk","frame":10,"pos_x":-22.0,"pos_y":9.5,"rotation":-0.200713},
{"animation":"walk","frame":11,"pos_x":-22.0,"pos_y":9.0,"rotation":-0.174533},
{"animation":"walk","frame":12,"pos_x":-22.5,"pos_y":9.5,"rotation":-0.187623},
{"animation":"walk","frame":13,"pos_x":-23.0,"pos_y":10.0,"rotation":-0.200713},
{"animation":"walk","frame":14,"pos_x":-23.5,"pos_y":10.5,"rotation":-0.213803},
{"animation":"walk","frame":15,"pos_x":-24.0,"pos_y":11.0,"rotation":-0.226893},
{"animation":"walk","frame":16,"pos_x":-23.5,"pos_y":11.0,"rotation":-0.226893},
{"animation":"walk","frame":17,"pos_x":-23.0,"pos_y":11.0,"rotation":-0.226893},
{"animation":"walk","frame":18,"pos_x":-22.5,"pos_y":11.0,"rotation":-0.226893},
{"animation":"walk","frame":19,"pos_x":-22.0,"pos_y":11.0,"rotation":-0.226893},
{"animation":"walk","frame":20,"pos_x":-22.0,"pos_y":10.5,"rotation":-0.226893},
{"animation":"walk","frame":21,"pos_x":-22.0,"pos_y":10.0,"rotation":-0.226893},
{"animation":"walk","frame":22,"pos_x":-22.0,"pos_y":9.5,"rotation":-0.226893},
{"animation":"walk","frame":23,"pos_x":-22.0,"pos_y":9.0,"rotation":-0.226893},
{"animation":"walk_yari","frame":0,"pos_x":-23.0,"pos_y":-17.0,"rotation":-1.405704},
{"animation":"walk_yari","frame":1,"pos_x":-23.5,"pos_y":-16.75,"rotation":-1.405704},
{"animation":"walk_yari","frame":2,"pos_x":-24.0,"pos_y":-16.5,"rotation":-1.405704},
{"animation":"walk_yari","frame":3,"pos_x":-24.5,"pos_y":-16.25,"rotation":-1.405704},
{"animation":"walk_yari","frame":4,"pos_x":-25.0,"pos_y":-16.0,"rotation":-1.405704},
{"animation":"walk_yari","frame":5,"pos_x":-24.7142857143,"pos_y":-16.1428571429,"rotation":-1.4106907143},
{"animation":"walk_yari","frame":6,"pos_x":-24.4285714286,"pos_y":-16.2857142857,"rotation":-1.4156774286},
{"animation":"walk_yari","frame":7,"pos_x":-24.1428571429,"pos_y":-16.4285714286,"rotation":-1.4206641429},
{"animation":"walk_yari","frame":8,"pos_x":-23.8571428571,"pos_y":-16.5714285714,"rotation":-1.4256508571},
{"animation":"walk_yari","frame":9,"pos_x":-23.5714285714,"pos_y":-16.7142857143,"rotation":-1.4306375714},
{"animation":"walk_yari","frame":10,"pos_x":-23.2857142857,"pos_y":-16.8571428571,"rotation":-1.4356242857},
{"animation":"walk_yari","frame":11,"pos_x":-23.0,"pos_y":-17.0,"rotation":-1.440611},
{"animation":"walk_yari","frame":12,"pos_x":-23.3333333333,"pos_y":-17.0,"rotation":-1.4347931667},
{"animation":"walk_yari","frame":13,"pos_x":-23.6666666667,"pos_y":-17.0,"rotation":-1.4289753333},
{"animation":"walk_yari","frame":14,"pos_x":-24.0,"pos_y":-17.0,"rotation":-1.4231575},
{"animation":"walk_yari","frame":15,"pos_x":-24.3333333333,"pos_y":-17.0,"rotation":-1.4173396667},
{"animation":"walk_yari","frame":16,"pos_x":-24.6666666667,"pos_y":-17.0,"rotation":-1.4115218333},
{"animation":"walk_yari","frame":17,"pos_x":-25.0,"pos_y":-17.0,"rotation":-1.405704},
{"animation":"walk_yari","frame":18,"pos_x":-24.8333333333,"pos_y":-17.1666666667,"rotation":-1.405704},
{"animation":"walk_yari","frame":19,"pos_x":-24.6666666667,"pos_y":-17.3333333333,"rotation":-1.405704},
{"animation":"walk_yari","frame":20,"pos_x":-24.5,"pos_y":-17.5,"rotation":-1.405704},
{"animation":"walk_yari","frame":21,"pos_x":-24.3333333333,"pos_y":-17.6666666667,"rotation":-1.405704},
{"animation":"walk_yari","frame":22,"pos_x":-24.1666666667,"pos_y":-17.8333333333,"rotation":-1.405704},
{"animation":"walk_yari","frame":23,"pos_x":-24.0,"pos_y":-18.0,"rotation":-1.405704},
{"animation":"walk_yari_focused","frame":0,"pos_x":-24.0,"pos_y":-18.0,"rotation":-1.405704},
{"animation":"walk_yari_focused","frame":1,"pos_x":-24.3333333333,"pos_y":-17.6666666667,"rotation":-1.405704},
{"animation":"walk_yari_focused","frame":2,"pos_x":-24.6666666667,"pos_y":-17.3333333333,"rotation":-1.405704},
{"animation":"walk_yari_focused","frame":3,"pos_x":-25.0,"pos_y":-17.0,"rotation":-1.405704},
{"animation":"walk_yari_focused","frame":4,"pos_x":-24.75,"pos_y":-17.0,"rotation":-1.394795625},
{"animation":"walk_yari_focused","frame":5,"pos_x":-24.5,"pos_y":-17.0,"rotation":-1.38388725},
{"animation":"walk_yari_focused","frame":6,"pos_x":-24.25,"pos_y":-17.0,"rotation":-1.372978875},
{"animation":"walk_yari_focused","frame":7,"pos_x":-24.0,"pos_y":-17.0,"rotation":-1.3620705},
{"animation":"walk_yari_focused","frame":8,"pos_x":-23.75,"pos_y":-17.0,"rotation":-1.351162125},
{"animation":"walk_yari_focused","frame":9,"pos_x":-23.5,"pos_y":-17.0,"rotation":-1.34025375},
{"animation":"walk_yari_focused","frame":10,"pos_x":-23.25,"pos_y":-17.0,"rotation":-1.329345375},
{"animation":"walk_yari_focused","frame":11,"pos_x":-23.0,"pos_y":-17.0,"rotation":-1.318437},
{"animation":"walk_yari_focused","frame":12,"pos_x":-23.4,"pos_y":-17.0,"rotation":-1.328909},
{"animation":"walk_yari_focused","frame":13,"pos_x":-23.8,"pos_y":-17.0,"rotation":-1.339381},
{"animation":"walk_yari_focused","frame":14,"pos_x":-24.2,"pos_y":-17.0,"rotation":-1.349853},
{"animation":"walk_yari_focused","frame":15,"pos_x":-24.6,"pos_y":-17.0,"rotation":-1.360325},
{"animation":"walk_yari_focused","frame":16,"pos_x":-25.0,"pos_y":-17.0,"rotation":-1.370797},
{"animation":"walk_yari_focused","frame":17,"pos_x":-24.8571428571,"pos_y":-17.0,"rotation":-1.363317},
{"animation":"walk_yari_focused","frame":18,"pos_x":-24.7142857143,"pos_y":-17.0,"rotation":-1.355837},
{"animation":"walk_yari_focused","frame":19,"pos_x":-24.5714285714,"pos_y":-17.0,"rotation":-1.348357},
{"animation":"walk_yari_focused","frame":20,"pos_x":-24.4285714286,"pos_y":-17.0,"rotation":-1.340877},
{"animation":"walk_yari_focused","frame":21,"pos_x":-24.2857142857,"pos_y":-17.0,"rotation":-1.333397},
{"animation":"walk_yari_focused","frame":22,"pos_x":-24.1428571429,"pos_y":-17.0,"rotation":-1.325917}
]}