{ "animationData": [
{"animation":"attack_fever_end","frame":0,"pos_x":-1.0,"pos_y":-12.0,"rotation":0.0},
{"animation":"attack_fever_end","frame":1,"pos_x":-1.0,"pos_y":-12.0,"rotation":0.0},
{"animation":"attack_fever_end","frame":2,"pos_x":-1.0,"pos_y":-12.0,"rotation":0.0},
{"animation":"attack_fever_end","frame":3,"pos_x":-1.0,"pos_y":-12.0,"rotation":0.0},
{"animation":"attack_fever_end","frame":4,"pos_x":-1.0,"pos_y":-12.0,"rotation":0.0},
{"animation":"attack_fever_end","frame":5,"pos_x":-1.0,"pos_y":-12.0,"rotation":0.0},
{"animation":"attack_fever_start","frame":0,"pos_x":-1.0,"pos_y":-12.0,"rotation":0.0},
{"animation":"attack_fever_start","frame":1,"pos_x":-1.0,"pos_y":-12.0,"rotation":0.0},
{"animation":"attack_fever_start","frame":2,"pos_x":-1.0,"pos_y":-12.0,"rotation":0.0},
{"animation":"attack_fever_start","frame":3,"pos_x":-1.0,"pos_y":-12.0,"rotation":0.0},
{"animation":"attack_fever_start","frame":4,"pos_x":-1.0,"pos_y":-12.0,"rotation":0.0},
{"animation":"attack_fever_start","frame":5,"pos_x":-1.0,"pos_y":-12.0,"rotation":0.0},
{"animation":"attack_fever_start","frame":6,"pos_x":-1.0,"pos_y":-12.0,"rotation":0.0},
{"animation":"attack_fever_start","frame":7,"pos_x":-1.0,"pos_y":-12.0,"rotation":0.0},
{"animation":"attack_fever_start","frame":8,"pos_x":-1.0,"pos_y":-12.0,"rotation":0.0},
{"animation":"attack_fever_start","frame":9,"pos_x":-1.0,"pos_y":-12.0,"rotation":0.0},
{"animation":"attack_fever_start","frame":10,"pos_x":-1.0,"pos_y":-12.0,"rotation":0.0},
{"animation":"attack_fever_start","frame":11,"pos_x":-1.0,"pos_y":-12.0,"rotation":0.0},
{"animation":"attack_fever_throw","frame":0,"pos_x":-1.0,"pos_y":-12.0,"rotation":0.0},
{"animation":"attack_fever_throw","frame":1,"pos_x":-1.0,"pos_y":-12.0,"rotation":0.0},
{"animation":"attack_fever_throw","frame":2,"pos_x":-1.0,"pos_y":-12.0,"rotation":0.0},
{"animation":"attack_fever_throw","frame":3,"pos_x":-1.0,"pos_y":-12.0,"rotation":0.0},
{"animation":"attack_fever_throw","frame":4,"pos_x":-1.0,"pos_y":-12.0,"rotation":0.0},
{"animation":"attack_fever_throw","frame":5,"pos_x":-1.0,"pos_y":-12.0,"rotation":0.0},
{"animation":"attack_fever_throw","frame":6,"pos_x":-1.0,"pos_y":-12.0,"rotation":0.0},
{"animation":"attack_fever_throw","frame":7,"pos_x":-1.0,"pos_y":-12.0,"rotation":0.0},
{"animation":"attack_fever_throw","frame":8,"pos_x":-1.0,"pos_y":-12.0,"rotation":0.0},
{"animation":"attack_fever_throw","frame":9,"pos_x":-1.0,"pos_y":-12.0,"rotation":0.0},
{"animation":"attack_fever_throw","frame":10,"pos_x":-1.0,"pos_y":-12.0,"rotation":0.0},
{"animation":"attack_fever_throw","frame":11,"pos_x":-1.0,"pos_y":-12.0,"rotation":0.0},
{"animation":"attack_fever_throw","frame":12,"pos_x":-1.0,"pos_y":-12.0,"rotation":0.0},
{"animation":"attack_fever_throw","frame":13,"pos_x":-1.0,"pos_y":-12.0,"rotation":0.0},
{"animation":"attack_fever_throw","frame":14,"pos_x":-1.0,"pos_y":-12.0,"rotation":0.0},
{"animation":"attack_fever_throw","frame":15,"pos_x":-1.0,"pos_y":-12.0,"rotation":0.0},
{"animation":"attack_fever_throw","frame":16,"pos_x":-1.0,"pos_y":-12.0,"rotation":0.0},
{"animation":"attack_fever_throw","frame":17,"pos_x":-1.0,"pos_y":-12.0,"rotation":0.0},
{"animation":"attack_fever_throw","frame":18,"pos_x":-1.0,"pos_y":-12.0,"rotation":0.0},
{"animation":"attack_fever_throw","frame":19,"pos_x":-1.0,"pos_y":-12.0,"rotation":0.0},
{"animation":"attack_prefever","frame":0,"pos_x":-1.0,"pos_y":-14.0,"rotation":0.0},
{"animation":"attack_prefever","frame":1,"pos_x":-1.0,"pos_y":-14.5,"rotation":0.0},
{"animation":"attack_prefever","frame":2,"pos_x":0.0,"pos_y":-15.0,"rotation":0.05236},
{"animation":"attack_prefever","frame":3,"pos_x":-1.0,"pos_y":-15.0,"rotation":0.02618},
{"animation":"attack_prefever","frame":4,"pos_x":0.0,"pos_y":-14.5,"rotation":0.0479965},
{"animation":"attack_prefever","frame":5,"pos_x":1.0,"pos_y":-14.0,"rotation":0.069813},
{"animation":"attack_prefever","frame":6,"pos_x":4.0,"pos_y":-13.0,"rotation":0.087266},
{"animation":"attack_prefever","frame":7,"pos_x":5.0,"pos_y":-13.0,"rotation":0.10472},
{"animation":"attack_prefever","frame":8,"pos_x":5.5,"pos_y":-13.0,"rotation":0.122173},
{"animation":"attack_prefever","frame":9,"pos_x":6.0,"pos_y":-13.0,"rotation":0.139626},
{"animation":"attack_prefever","frame":10,"pos_x":1.0,"pos_y":-13.0,"rotation":0.034907},
{"animation":"attack_prefever","frame":11,"pos_x":0.0,"pos_y":-12.5,"rotation":0.0174535},
{"animation":"attack_prefever","frame":12,"pos_x":-1.0,"pos_y":-12.0,"rotation":0.0},
{"animation":"attack_prefever","frame":13,"pos_x":-1.0,"pos_y":-13.0,"rotation":0.0},
{"animation":"attack_prefever","frame":14,"pos_x":-1.0,"pos_y":-14.5,"rotation":0.0},
{"animation":"attack_prefever","frame":15,"pos_x":-1.0,"pos_y":-16.0,"rotation":0.0},
{"animation":"attack_prefever","frame":16,"pos_x":-0.8333333333,"pos_y":-15.8333333333,"rotation":0.0},
{"animation":"attack_prefever","frame":17,"pos_x":-0.6666666667,"pos_y":-15.6666666667,"rotation":0.0},
{"animation":"attack_prefever","frame":18,"pos_x":-0.5,"pos_y":-15.5,"rotation":0.0},
{"animation":"attack_prefever","frame":19,"pos_x":-0.3333333333,"pos_y":-15.3333333333,"rotation":0.0},
{"animation":"attack_prefever","frame":20,"pos_x":-0.1666666667,"pos_y":-15.1666666667,"rotation":0.0},
{"animation":"attack_prefever","frame":21,"pos_x":0.0,"pos_y":-15.0,"rotation":0.0},
{"animation":"attack_prefever","frame":22,"pos_x":0.0,"pos_y":-14.0,"rotation":0.0},
{"animation":"attack_prefever","frame":23,"pos_x":0.0,"pos_y":-14.0,"rotation":0.0},
{"animation":"attack_prefever","frame":24,"pos_x":-1.0,"pos_y":-13.0,"rotation":0.0},
{"animation":"attack_prefever","frame":25,"pos_x":-1.0,"pos_y":-12.6666666667,"rotation":0.0},
{"animation":"attack_prefever","frame":26,"pos_x":-1.0,"pos_y":-12.3333333333,"rotation":0.0},
{"animation":"attack_prefever","frame":27,"pos_x":-1.0,"pos_y":-12.0,"rotation":0.0},
{"animation":"attack_prefever","frame":28,"pos_x":-1.0,"pos_y":-11.6666666667,"rotation":0.0},
{"animation":"attack_prefever","frame":29,"pos_x":-1.0,"pos_y":-11.3333333333,"rotation":0.0},
{"animation":"attack_prefever","frame":30,"pos_x":-1.0,"pos_y":-11.0,"rotation":0.0},
{"animation":"attack_prefever","frame":31,"pos_x":0.0,"pos_y":-11.5,"rotation":0.0},
{"animation":"death","frame":0,"pos_x":1.0,"pos_y":-12.0,"rotation":0.0},
{"animation":"death","frame":1,"pos_x":14.0,"pos_y":-9.0,"rotation":0.366519},
{"animation":"death","frame":2,"pos_x":0.0,"pos_y":-11.0,"rotation":0.017453},
{"animation":"death","frame":3,"pos_x":-14.0,"pos_y":-10.0,"rotation":-0.296706},
{"animation":"death","frame":4,"pos_x":-12.0,"pos_y":-11.0,"rotation":-0.226893},
{"animation":"death","frame":5,"pos_x":-8.0,"pos_y":-12.0,"rotation":-0.15708},
{"animation":"death","frame":6,"pos_x":-6.0,"pos_y":-12.0,"rotation":-0.10472},
{"animation":"death","frame":7,"pos_x":-3.0,"pos_y":-13.0,"rotation":0.017453},
{"animation":"death","frame":8,"pos_x":0.0,"pos_y":-12.0,"rotation":0.017453},
{"animation":"death","frame":9,"pos_x":0.0,"pos_y":-11.5,"rotation":0.043633},
{"animation":"death","frame":10,"pos_x":0.0,"pos_y":-11.0,"rotation":0.069813},
{"animation":"death","frame":11,"pos_x":5.0,"pos_y":-8.0,"rotation":0.541052},
{"animation":"death","frame":12,"pos_x":17.0,"pos_y":0.0,"rotation":0.959932},
{"animation":"death","frame":13,"pos_x":29.0,"pos_y":11.0,"rotation":1.343904},
{"animation":"death","frame":14,"pos_x":36.0,"pos_y":12.0,"rotation":1.605704},
{"animation":"death","frame":15,"pos_x":41.0,"pos_y":26.0,"rotation":1.85005},
{"animation":"death","frame":16,"pos_x":45.0,"pos_y":38.0,"rotation":2.146756},
{"animation":"death","frame":17,"pos_x":53.0,"pos_y":55.0,"rotation":2.82743},
{"animation":"death","frame":18,"pos_x":53.0,"pos_y":55.0,"rotation":2.82743},
{"animation":"death","frame":19,"pos_x":53.0,"pos_y":55.0,"rotation":2.82743},
{"animation":"death","frame":20,"pos_x":53.0,"pos_y":55.0,"rotation":2.82743},
{"animation":"death","frame":21,"pos_x":53.0,"pos_y":55.0,"rotation":2.82743},
{"animation":"death","frame":22,"pos_x":53.0,"pos_y":55.0,"rotation":2.82743},
{"animation":"death","frame":23,"pos_x":53.0,"pos_y":55.0,"rotation":2.82743},
{"animation":"death","frame":24,"pos_x":53.0,"pos_y":55.0,"rotation":2.82743},
{"animation":"death","frame":25,"pos_x":53.0,"pos_y":55.0,"rotation":2.82743},
{"animation":"death","frame":26,"pos_x":53.0,"pos_y":55.0,"rotation":2.82743},
{"animation":"death","frame":27,"pos_x":53.0,"pos_y":55.0,"rotation":2.82743},
{"animation":"death","frame":28,"pos_x":53.0,"pos_y":55.0,"rotation":2.82743},
{"animation":"death","frame":29,"pos_x":53.0,"pos_y":55.0,"rotation":2.82743},
{"animation":"death","frame":30,"pos_x":53.0,"pos_y":55.0,"rotation":2.82743},
{"animation":"death","frame":31,"pos_x":53.0,"pos_y":55.0,"rotation":2.82743},
{"animation":"death","frame":32,"pos_x":53.0,"pos_y":55.0,"rotation":2.82743},
{"animation":"death","frame":33,"pos_x":53.0,"pos_y":55.0,"rotation":2.82743},
{"animation":"death","frame":34,"pos_x":53.0,"pos_y":55.0,"rotation":2.82743},
{"animation":"death","frame":35,"pos_x":53.0,"pos_y":55.0,"rotation":2.82743},
{"animation":"death","frame":36,"pos_x":53.0,"pos_y":55.0,"rotation":2.82743},
{"animation":"death","frame":37,"pos_x":53.0,"pos_y":55.0,"rotation":2.82743},
{"animation":"death","frame":38,"pos_x":53.0,"pos_y":55.0,"rotation":2.82743},
{"animation":"death","frame":39,"pos_x":53.0,"pos_y":55.0,"rotation":2.82743},
{"animation":"death","frame":40,"pos_x":53.0,"pos_y":55.0,"rotation":2.82743},
{"animation":"death","frame":41,"pos_x":53.0,"pos_y":55.0,"rotation":2.82743},
{"animation":"death_despawn","frame":0,"pos_x":53.0,"pos_y":55.0,"rotation":2.82743},
{"animation":"death_despawn","frame":1,"pos_x":53.0,"pos_y":55.0,"rotation":2.82743},
{"animation":"death_despawn","frame":2,"pos_x":53.0,"pos_y":55.0,"rotation":2.82743},
{"animation":"death_despawn","frame":3,"pos_x":53.0,"pos_y":55.0,"rotation":2.82743},
{"animation":"death_despawn","frame":4,"pos_x":53.0,"pos_y":55.0,"rotation":2.82743},
{"animation":"death_despawn","frame":5,"pos_x":53.0,"pos_y":55.0,"rotation":2.82743},
{"animation":"death_despawn","frame":6,"pos_x":53.0,"pos_y":55.0,"rotation":2.82743},
{"animation":"death_despawn","frame":7,"pos_x":53.0,"pos_y":55.0,"rotation":2.82743},
{"animation":"death_despawn","frame":8,"pos_x":53.0,"pos_y":55.0,"rotation":2.82743},
{"animation":"death_despawn","frame":9,"pos_x":53.0,"pos_y":55.0,"rotation":2.82743},
{"animation":"death_despawn","frame":10,"pos_x":53.0,"pos_y":55.0,"rotation":2.82743},
{"animation":"flee","frame":0,"pos_x":-4.0,"pos_y":-13.0,"rotation":-0.20944},
{"animation":"flee","frame":1,"pos_x":-4.0,"pos_y":-13.0,"rotation":-0.279253},
{"animation":"flee","frame":2,"pos_x":-5.0,"pos_y":-12.0,"rotation":-0.331613},
{"animation":"flee","frame":3,"pos_x":-4.5,"pos_y":-12.5,"rotation":-0.2879795},
{"animation":"flee","frame":4,"pos_x":-4.0,"pos_y":-13.0,"rotation":-0.244346},
{"animation":"flee","frame":5,"pos_x":-3.4285714286,"pos_y":-13.0,"rotation":-0.2094394286},
{"animation":"flee","frame":6,"pos_x":-2.8571428571,"pos_y":-13.0,"rotation":-0.1745328571},
{"animation":"flee","frame":7,"pos_x":-2.2857142857,"pos_y":-13.0,"rotation":-0.1396262857},
{"animation":"flee","frame":8,"pos_x":-1.7142857143,"pos_y":-13.0,"rotation":-0.1047197143},
{"animation":"flee","frame":9,"pos_x":-1.1428571429,"pos_y":-13.0,"rotation":-0.0698131429},
{"animation":"flee","frame":10,"pos_x":-0.5714285714,"pos_y":-13.0,"rotation":-0.0349065714},
{"animation":"flee","frame":11,"pos_x":0.0,"pos_y":-13.0,"rotation":0.0},
{"animation":"flee","frame":12,"pos_x":3.0,"pos_y":-11.0,"rotation":0.279253},
{"animation":"flee","frame":13,"pos_x":5.5,"pos_y":-9.5,"rotation":0.497419},
{"animation":"flee","frame":14,"pos_x":8.0,"pos_y":-8.0,"rotation":0.715585},
{"animation":"flee","frame":15,"pos_x":8.375,"pos_y":-7.875,"rotation":0.757036625},
{"animation":"flee","frame":16,"pos_x":8.75,"pos_y":-7.75,"rotation":0.79848825},
{"animation":"flee","frame":17,"pos_x":9.125,"pos_y":-7.625,"rotation":0.839939875},
{"animation":"flee","frame":18,"pos_x":9.5,"pos_y":-7.5,"rotation":0.8813915},
{"animation":"flee","frame":19,"pos_x":9.875,"pos_y":-7.375,"rotation":0.922843125},
{"animation":"flee","frame":20,"pos_x":10.25,"pos_y":-7.25,"rotation":0.96429475},
{"animation":"flee","frame":21,"pos_x":10.625,"pos_y":-7.125,"rotation":1.005746375},
{"animation":"flee","frame":22,"pos_x":11.0,"pos_y":-7.0,"rotation":1.047198},
{"animation":"flee","frame":23,"pos_x":11.0,"pos_y":-6.875,"rotation":1.0439255},
{"animation":"flee","frame":24,"pos_x":11.0,"pos_y":-6.75,"rotation":1.040653},
{"animation":"flee","frame":25,"pos_x":11.0,"pos_y":-6.625,"rotation":1.0373805},
{"animation":"flee","frame":26,"pos_x":11.0,"pos_y":-6.5,"rotation":1.034108},
{"animation":"flee","frame":27,"pos_x":11.0,"pos_y":-6.375,"rotation":1.0308355},
{"animation":"flee","frame":28,"pos_x":11.0,"pos_y":-6.25,"rotation":1.027563},
{"animation":"flee","frame":29,"pos_x":11.0,"pos_y":-6.125,"rotation":1.0242905},
{"animation":"flee","frame":30,"pos_x":11.0,"pos_y":-6.0,"rotation":1.021018},
{"animation":"flee","frame":31,"pos_x":11.0,"pos_y":-4.125,"rotation":1.0439255},
{"animation":"flee","frame":32,"pos_x":11.0,"pos_y":-2.25,"rotation":1.066833},
{"animation":"flee","frame":33,"pos_x":11.0,"pos_y":-0.375,"rotation":1.0897405},
{"animation":"flee","frame":34,"pos_x":11.0,"pos_y":1.5,"rotation":1.112648},
{"animation":"flee","frame":35,"pos_x":11.0,"pos_y":3.375,"rotation":1.1355555},
{"animation":"flee","frame":36,"pos_x":11.0,"pos_y":5.25,"rotation":1.158463},
{"animation":"flee","frame":37,"pos_x":11.0,"pos_y":7.125,"rotation":1.1813705},
{"animation":"flee","frame":38,"pos_x":11.0,"pos_y":9.0,"rotation":1.204278},
{"animation":"flee","frame":39,"pos_x":11.0,"pos_y":9.0,"rotation":1.204278},
{"animation":"flee","frame":40,"pos_x":11.0,"pos_y":9.0,"rotation":1.204278},
{"animation":"flee","frame":41,"pos_x":11.0,"pos_y":9.0,"rotation":1.204278},
{"animation":"flee","frame":42,"pos_x":11.0,"pos_y":9.0,"rotation":1.204278},
{"animation":"flee","frame":43,"pos_x":11.0,"pos_y":9.0,"rotation":1.204278},
{"animation":"flee","frame":44,"pos_x":11.0,"pos_y":9.0,"rotation":1.204278},
{"animation":"flee","frame":45,"pos_x":11.0,"pos_y":9.0,"rotation":1.204278},
{"animation":"flee","frame":46,"pos_x":11.0,"pos_y":9.0,"rotation":1.204278},
{"animation":"flee","frame":47,"pos_x":11.0,"pos_y":9.0,"rotation":1.204278},
{"animation":"flee","frame":48,"pos_x":11.0,"pos_y":9.0,"rotation":1.204278},
{"animation":"flee","frame":49,"pos_x":10.9,"pos_y":9.4,"rotation":1.1920607},
{"animation":"flee","frame":50,"pos_x":10.8,"pos_y":9.8,"rotation":1.1798434},
{"animation":"flee","frame":51,"pos_x":10.7,"pos_y":10.2,"rotation":1.1676261},
{"animation":"flee","frame":52,"pos_x":10.6,"pos_y":10.6,"rotation":1.1554088},
{"animation":"flee","frame":53,"pos_x":10.5,"pos_y":11.0,"rotation":1.1431915},
{"animation":"flee","frame":54,"pos_x":10.4,"pos_y":11.4,"rotation":1.1309742},
{"animation":"flee","frame":55,"pos_x":10.3,"pos_y":11.8,"rotation":1.1187569},
{"animation":"flee","frame":56,"pos_x":10.2,"pos_y":12.2,"rotation":1.1065396},
{"animation":"flee","frame":57,"pos_x":10.1,"pos_y":12.6,"rotation":1.0943223},
{"animation":"flee","frame":58,"pos_x":10.0,"pos_y":13.0,"rotation":1.082105},
{"animation":"flee","frame":59,"pos_x":10.0,"pos_y":11.8,"rotation":1.1100302},
{"animation":"flee","frame":60,"pos_x":10.0,"pos_y":10.6,"rotation":1.1379554},
{"animation":"flee","frame":61,"pos_x":10.0,"pos_y":9.4,"rotation":1.1658806},
{"animation":"flee","frame":62,"pos_x":10.0,"pos_y":8.2,"rotation":1.1938058},
{"animation":"flee","frame":63,"pos_x":10.0,"pos_y":7.0,"rotation":1.221731},
{"animation":"flee","frame":64,"pos_x":8.8571428571,"pos_y":5.2857142857,"rotation":1.0746245714},
{"animation":"flee","frame":65,"pos_x":7.7142857143,"pos_y":3.5714285714,"rotation":0.9275181429},
{"animation":"flee","frame":66,"pos_x":6.5714285714,"pos_y":1.8571428571,"rotation":0.7804117143},
{"animation":"flee","frame":67,"pos_x":5.4285714286,"pos_y":0.1428571429,"rotation":0.6333052857},
{"animation":"flee","frame":68,"pos_x":4.2857142857,"pos_y":-1.5714285714,"rotation":0.4861988571},
{"animation":"flee","frame":69,"pos_x":3.1428571429,"pos_y":-3.2857142857,"rotation":0.3390924286},
{"animation":"flee","frame":70,"pos_x":2.0,"pos_y":-5.0,"rotation":0.191986},
{"animation":"flee","frame":71,"pos_x":1.7142856667,"pos_y":-6.0,"rotation":0.1670526667},
{"animation":"flee","frame":72,"pos_x":1.4285713333,"pos_y":-7.0,"rotation":0.1421193333},
{"animation":"flee","frame":73,"pos_x":1.142857,"pos_y":-8.0,"rotation":0.117186},
{"animation":"flee","frame":74,"pos_x":0.8571426667,"pos_y":-9.0,"rotation":0.0922526667},
{"animation":"flee","frame":75,"pos_x":0.5714283333,"pos_y":-10.0,"rotation":0.0673193333},
{"animation":"flee","frame":76,"pos_x":0.285714,"pos_y":-11.0,"rotation":0.042386},
{"animation":"flee","frame":77,"pos_x":0.285714,"pos_y":-11.0,"rotation":0.042386},
{"animation":"idle","frame":0,"pos_x":0.0,"pos_y":-16.0,"rotation":0.017453},
{"animation":"idle","frame":1,"pos_x":0.0,"pos_y":-14.8888888889,"rotation":0.017453},
{"animation":"idle","frame":2,"pos_x":0.0,"pos_y":-14.3333333333,"rotation":0.017453},
{"animation":"idle","frame":3,"pos_x":0.0,"pos_y":-13.7777777778,"rotation":0.017453},
{"animation":"idle","frame":4,"pos_x":0.0,"pos_y":-13.2222222222,"rotation":0.017453},
{"animation":"idle","frame":5,"pos_x":0.0,"pos_y":-12.6666666667,"rotation":0.017453},
{"animation":"idle","frame":6,"pos_x":0.0,"pos_y":-12.1111111111,"rotation":0.017453},
{"animation":"idle","frame":7,"pos_x":0.0,"pos_y":-11.5555555556,"rotation":0.017453},
{"animation":"idle","frame":8,"pos_x":0.0,"pos_y":-11.0,"rotation":0.017453},
{"animation":"idle","frame":9,"pos_x":0.0,"pos_y":-11.25,"rotation":0.017453},
{"animation":"idle","frame":10,"pos_x":0.0,"pos_y":-11.5,"rotation":0.017453},
{"animation":"idle","frame":11,"pos_x":0.0,"pos_y":-11.75,"rotation":0.017453},
{"animation":"idle","frame":12,"pos_x":0.0,"pos_y":-12.0,"rotation":0.017453},
{"animation":"idle","frame":13,"pos_x":0.0,"pos_y":-12.2666666667,"rotation":0.017453},
{"animation":"idle","frame":14,"pos_x":0.0,"pos_y":-12.5333333333,"rotation":0.017453},
{"animation":"idle","frame":15,"pos_x":0.0,"pos_y":-12.8,"rotation":0.017453},
{"animation":"idle","frame":16,"pos_x":0.0,"pos_y":-13.0666666667,"rotation":0.017453},
{"animation":"idle","frame":17,"pos_x":0.0,"pos_y":-13.3333333333,"rotation":0.017453},
{"animation":"idle","frame":18,"pos_x":0.0,"pos_y":-13.6,"rotation":0.017453},
{"animation":"idle","frame":19,"pos_x":0.0,"pos_y":-13.8666666667,"rotation":0.017453},
{"animation":"idle","frame":20,"pos_x":0.0,"pos_y":-14.1333333333,"rotation":0.017453},
{"animation":"idle","frame":21,"pos_x":0.0,"pos_y":-14.4,"rotation":0.017453},
{"animation":"idle","frame":22,"pos_x":0.0,"pos_y":-14.6666666667,"rotation":0.017453},
{"animation":"idle","frame":23,"pos_x":0.0,"pos_y":-14.9333333333,"rotation":0.017453},
{"animation":"idle","frame":24,"pos_x":0.0,"pos_y":-15.2,"rotation":0.017453},
{"animation":"idle","frame":25,"pos_x":0.0,"pos_y":-15.4666666667,"rotation":0.017453},
{"animation":"idle","frame":26,"pos_x":0.0,"pos_y":-15.7333333333,"rotation":0.017453},
{"animation":"idle","frame":27,"pos_x":0.0,"pos_y":-16.0,"rotation":0.017453},
{"animation":"idle","frame":28,"pos_x":0.0,"pos_y":-12.0,"rotation":0.017453},
{"animation":"idle_armed","frame":0,"pos_x":-3.0,"pos_y":-9.0,"rotation":-0.034907},
{"animation":"idle_armed","frame":1,"pos_x":-3.0,"pos_y":-9.0,"rotation":-0.034907},
{"animation":"idle_armed","frame":2,"pos_x":-3.0,"pos_y":-9.0,"rotation":-0.034907},
{"animation":"idle_armed","frame":3,"pos_x":-3.0,"pos_y":-9.0,"rotation":-0.034907},
{"animation":"idle_armed","frame":4,"pos_x":-3.0,"pos_y":-9.0,"rotation":-0.034907},
{"animation":"idle_armed","frame":5,"pos_x":-3.0,"pos_y":-9.0,"rotation":-0.034907},
{"animation":"idle_armed","frame":6,"pos_x":-3.0,"pos_y":-9.0,"rotation":-0.034907},
{"animation":"idle_armed","frame":7,"pos_x":-3.0,"pos_y":-9.0,"rotation":-0.034907},
{"animation":"idle_armed","frame":8,"pos_x":-3.0,"pos_y":-9.0,"rotation":-0.034907},
{"animation":"idle_armed","frame":9,"pos_x":-3.0,"pos_y":-9.0,"rotation":-0.034907},
{"animation":"idle_armed","frame":10,"pos_x":-3.0,"pos_y":-9.0,"rotation":-0.034907},
{"animation":"idle_armed","frame":11,"pos_x":-3.0,"pos_y":-9.0,"rotation":-0.034907},
{"animation":"idle_armed","frame":12,"pos_x":-3.0,"pos_y":-10.0,"rotation":-0.005818},
{"animation":"idle_armed","frame":13,"pos_x":-3.0,"pos_y":-11.0,"rotation":0.023271},
{"animation":"idle_armed","frame":14,"pos_x":-3.0,"pos_y":-12.0,"rotation":0.05236},
{"animation":"idle_armed","frame":15,"pos_x":-2.3333333333,"pos_y":-12.1666666667,"rotation":0.05236},
{"animation":"idle_armed","frame":16,"pos_x":-1.6666666667,"pos_y":-12.3333333333,"rotation":0.05236},
{"animation":"idle_armed","frame":17,"pos_x":-1.0,"pos_y":-12.5,"rotation":0.05236},
{"animation":"idle_armed","frame":18,"pos_x":-0.3333333333,"pos_y":-12.6666666667,"rotation":0.05236},
{"animation":"idle_armed","frame":19,"pos_x":0.3333333333,"pos_y":-12.8333333333,"rotation":0.05236},
{"animation":"idle_armed","frame":20,"pos_x":1.0,"pos_y":-13.0,"rotation":0.05236},
{"animation":"idle_armed","frame":21,"pos_x":1.0,"pos_y":-13.0,"rotation":0.0453786},
{"animation":"idle_armed","frame":22,"pos_x":1.0,"pos_y":-13.0,"rotation":0.0383972},
{"animation":"idle_armed","frame":23,"pos_x":1.0,"pos_y":-13.0,"rotation":0.0314158},
{"animation":"idle_armed","frame":24,"pos_x":1.0,"pos_y":-13.0,"rotation":0.0244344},
{"animation":"idle_armed","frame":25,"pos_x":1.0,"pos_y":-13.0,"rotation":0.017453},
{"animation":"idle_armed","frame":26,"pos_x":1.0,"pos_y":-13.0,"rotation":0.017453},
{"animation":"idle_armed","frame":27,"pos_x":1.0,"pos_y":-13.0,"rotation":0.017453},
{"animation":"idle_armed","frame":28,"pos_x":1.0,"pos_y":-13.0,"rotation":0.017453},
{"animation":"idle_armed","frame":29,"pos_x":1.0,"pos_y":-13.0,"rotation":0.017453},
{"animation":"idle_armed_focused","frame":0,"pos_x":-2.0,"pos_y":-10.0,"rotation":0.017453},
{"animation":"idle_armed_focused","frame":1,"pos_x":-2.0,"pos_y":-10.0,"rotation":0.017453},
{"animation":"idle_armed_focused","frame":2,"pos_x":-2.0,"pos_y":-10.0,"rotation":0.017453},
{"animation":"idle_armed_focused","frame":3,"pos_x":-2.2,"pos_y":-10.0,"rotation":0.0034904},
{"animation":"idle_armed_focused","frame":4,"pos_x":-2.4,"pos_y":-10.0,"rotation":-0.0104722},
{"animation":"idle_armed_focused","frame":5,"pos_x":-2.6,"pos_y":-10.0,"rotation":-0.0244348},
{"animation":"idle_armed_focused","frame":6,"pos_x":-2.8,"pos_y":-10.0,"rotation":-0.0383974},
{"animation":"idle_armed_focused","frame":7,"pos_x":-3.0,"pos_y":-10.0,"rotation":-0.05236},
{"animation":"idle_armed_focused","frame":8,"pos_x":-3.25,"pos_y":-10.0,"rotation":-0.06545},
{"animation":"idle_armed_focused","frame":9,"pos_x":-3.5,"pos_y":-10.0,"rotation":-0.07854},
{"animation":"idle_armed_focused","frame":10,"pos_x":-3.75,"pos_y":-10.0,"rotation":-0.09163},
{"animation":"idle_armed_focused","frame":11,"pos_x":-4.0,"pos_y":-10.0,"rotation":-0.10472},
{"animation":"idle_armed_focused","frame":12,"pos_x":-3.3333333333,"pos_y":-10.6666666667,"rotation":-0.0698133333},
{"animation":"idle_armed_focused","frame":13,"pos_x":-2.6666666667,"pos_y":-11.3333333333,"rotation":-0.0349066667},
{"animation":"idle_armed_focused","frame":14,"pos_x":-2.0,"pos_y":-12.0,"rotation":0.0},
{"animation":"idle_armed_focused","frame":15,"pos_x":-1.5714285714,"pos_y":-12.1428571429,"rotation":0.0099732857},
{"animation":"idle_armed_focused","frame":16,"pos_x":-1.1428571429,"pos_y":-12.2857142857,"rotation":0.0199465714},
{"animation":"idle_armed_focused","frame":17,"pos_x":-0.7142857143,"pos_y":-12.4285714286,"rotation":0.0299198571},
{"animation":"idle_armed_focused","frame":18,"pos_x":-0.2857142857,"pos_y":-12.5714285714,"rotation":0.0398931429},
{"animation":"idle_armed_focused","frame":19,"pos_x":0.1428571429,"pos_y":-12.7142857143,"rotation":0.0498664286},
{"animation":"idle_armed_focused","frame":20,"pos_x":0.5714285714,"pos_y":-12.8571428571,"rotation":0.0598397143},
{"animation":"idle_armed_focused","frame":21,"pos_x":1.0,"pos_y":-13.0,"rotation":0.069813},
{"animation":"idle_armed_focused","frame":22,"pos_x":0.7142857143,"pos_y":-13.0,"rotation":0.062333},
{"animation":"idle_armed_focused","frame":23,"pos_x":0.4285714286,"pos_y":-13.0,"rotation":0.054853},
{"animation":"idle_armed_focused","frame":24,"pos_x":0.1428571429,"pos_y":-13.0,"rotation":0.047373},
{"animation":"idle_armed_focused","frame":25,"pos_x":-0.1428571429,"pos_y":-13.0,"rotation":0.039893},
{"animation":"idle_armed_focused","frame":26,"pos_x":-0.4285714286,"pos_y":-13.0,"rotation":0.032413},
{"animation":"idle_armed_focused","frame":27,"pos_x":-0.7142857143,"pos_y":-13.0,"rotation":0.024933},
{"animation":"idle_armed_focused","frame":28,"pos_x":-1.0,"pos_y":-13.0,"rotation":0.017453},
{"animation":"idle_armed_focused","frame":29,"pos_x":-1.0,"pos_y":-13.0,"rotation":0.017453},
{"animation":"panic","frame":0,"pos_x":-4.0,"pos_y":-13.0,"rotation":-0.2618},
{"animation":"panic","frame":1,"pos_x":-5.0,"pos_y":-12.0,"rotation":-0.314159},
{"animation":"panic","frame":2,"pos_x":-5.0,"pos_y":-11.0,"rotation":-0.349066},
{"animation":"panic","frame":3,"pos_x":-5.0,"pos_y":-12.0,"rotation":-0.296706},
{"animation":"panic","frame":4,"pos_x":-3.0,"pos_y":-13.0,"rotation":-0.244346},
{"animation":"panic","frame":5,"pos_x":-6.5,"pos_y":-8.5,"rotation":-0.4886925},
{"animation":"sleep","frame":0,"pos_x":-10.0,"pos_y":-4.0,"rotation":-0.733039},
{"animation":"sleep","frame":1,"pos_x":-10.0,"pos_y":-3.9931972789,"rotation":-0.733634898},
{"animation":"sleep","frame":2,"pos_x":-10.0,"pos_y":-3.9863945578,"rotation":-0.7342307959},
{"animation":"sleep","frame":3,"pos_x":-10.0,"pos_y":-3.9795918367,"rotation":-0.7348266939},
{"animation":"sleep","frame":4,"pos_x":-10.0,"pos_y":-3.9727891156,"rotation":-0.7354225918},
{"animation":"sleep","frame":5,"pos_x":-10.0,"pos_y":-3.9659863946,"rotation":-0.7360184898},
{"animation":"sleep","frame":6,"pos_x":-10.0,"pos_y":-3.9591836735,"rotation":-0.7366143878},
{"animation":"sleep","frame":7,"pos_x":-10.0,"pos_y":-3.9523809524,"rotation":-0.7372102857},
{"animation":"sleep","frame":8,"pos_x":-10.0,"pos_y":-3.9455782313,"rotation":-0.7378061837},
{"animation":"sleep","frame":9,"pos_x":-10.0,"pos_y":-3.9387755102,"rotation":-0.7384020816},
{"animation":"sleep","frame":10,"pos_x":-10.0,"pos_y":-3.9319727891,"rotation":-0.7389979796},
{"animation":"sleep","frame":11,"pos_x":-10.0,"pos_y":-3.925170068,"rotation":-0.7395938776},
{"animation":"sleep","frame":12,"pos_x":-10.0,"pos_y":-3.9183673469,"rotation":-0.7401897755},
{"animation":"sleep","frame":13,"pos_x":-10.0,"pos_y":-3.9115646259,"rotation":-0.7407856735},
{"animation":"sleep","frame":14,"pos_x":-10.0,"pos_y":-3.9047619048,"rotation":-0.7413815714},
{"animation":"sleep","frame":15,"pos_x":-10.0,"pos_y":-3.8979591837,"rotation":-0.7419774694},
{"animation":"sleep","frame":16,"pos_x":-10.0,"pos_y":-3.8911564626,"rotation":-0.7425733673},
{"animation":"sleep","frame":17,"pos_x":-10.0,"pos_y":-3.8843537415,"rotation":-0.7431692653},
{"animation":"sleep","frame":18,"pos_x":-10.0,"pos_y":-3.8775510204,"rotation":-0.7437651633},
{"animation":"sleep","frame":19,"pos_x":-10.0,"pos_y":-3.8707482993,"rotation":-0.7443610612},
{"animation":"sleep","frame":20,"pos_x":-10.0,"pos_y":-3.8639455782,"rotation":-0.7449569592},
{"animation":"sleep","frame":21,"pos_x":-10.0,"pos_y":-3.8571428571,"rotation":-0.7455528571},
{"animation":"sleep","frame":22,"pos_x":-10.0,"pos_y":-3.8503401361,"rotation":-0.7461487551},
{"animation":"sleep","frame":23,"pos_x":-10.0,"pos_y":-3.843537415,"rotation":-0.7467446531},
{"animation":"sleep","frame":24,"pos_x":-10.0,"pos_y":-3.8367346939,"rotation":-0.747340551},
{"animation":"sleep","frame":25,"pos_x":-10.0,"pos_y":-3.8299319728,"rotation":-0.747936449},
{"animation":"sleep","frame":26,"pos_x":-10.0,"pos_y":-3.8231292517,"rotation":-0.7485323469},
{"animation":"sleep","frame":27,"pos_x":-10.0,"pos_y":-3.8163265306,"rotation":-0.7491282449},
{"animation":"sleep","frame":28,"pos_x":-10.0,"pos_y":-3.8095238095,"rotation":-0.7497241429},
{"animation":"sleep","frame":29,"pos_x":-10.0,"pos_y":-3.8027210884,"rotation":-0.7503200408},
{"animation":"sleep","frame":30,"pos_x":-10.0,"pos_y":-3.7959183673,"rotation":-0.7509159388},
{"animation":"sleep","frame":31,"pos_x":-10.0,"pos_y":-3.7891156463,"rotation":-0.7515118367},
{"animation":"sleep","frame":32,"pos_x":-10.0,"pos_y":-3.7823129252,"rotation":-0.7521077347},
{"animation":"sleep","frame":33,"pos_x":-10.0,"pos_y":-3.7755102041,"rotation":-0.7527036327},
{"animation":"sleep","frame":34,"pos_x":-10.0,"pos_y":-3.768707483,"rotation":-0.7532995306},
{"animation":"sleep","frame":35,"pos_x":-10.0,"pos_y":-3.7619047619,"rotation":-0.7538954286},
{"animation":"sleep","frame":36,"pos_x":-10.0,"pos_y":-3.7551020408,"rotation":-0.7544913265},
{"animation":"sleep","frame":37,"pos_x":-10.0,"pos_y":-3.7482993197,"rotation":-0.7550872245},
{"animation":"sleep","frame":38,"pos_x":-10.0,"pos_y":-3.7414965986,"rotation":-0.7556831224},
{"animation":"sleep","frame":39,"pos_x":-10.0,"pos_y":-3.7346938776,"rotation":-0.7562790204},
{"animation":"sleep","frame":40,"pos_x":-10.0,"pos_y":-3.7278911565,"rotation":-0.7568749184},
{"animation":"sleep","frame":41,"pos_x":-10.0,"pos_y":-3.7210884354,"rotation":-0.7574708163},
{"animation":"sleep","frame":42,"pos_x":-10.0,"pos_y":-3.7142857143,"rotation":-0.7580667143},
{"animation":"sleep","frame":43,"pos_x":-10.0,"pos_y":-3.7074829932,"rotation":-0.7586626122},
{"animation":"sleep","frame":44,"pos_x":-10.0,"pos_y":-3.7006802721,"rotation":-0.7592585102},
{"animation":"sleep","frame":45,"pos_x":-10.0,"pos_y":-3.693877551,"rotation":-0.7598544082},
{"animation":"sleep","frame":46,"pos_x":-10.0,"pos_y":-3.6870748299,"rotation":-0.7604503061},
{"animation":"sleep","frame":47,"pos_x":-10.0,"pos_y":-3.6802721088,"rotation":-0.7610462041},
{"animation":"sleep","frame":48,"pos_x":-10.0,"pos_y":-3.6734693878,"rotation":-0.761642102},
{"animation":"sleep","frame":49,"pos_x":-10.0,"pos_y":-3.6666666667,"rotation":-0.762238},
{"animation":"sleep","frame":50,"pos_x":-10.0,"pos_y":-3.6598639456,"rotation":-0.762833898},
{"animation":"sleep","frame":51,"pos_x":-10.0,"pos_y":-3.6530612245,"rotation":-0.7634297959},
{"animation":"sleep","frame":52,"pos_x":-10.0,"pos_y":-3.6462585034,"rotation":-0.7640256939},
{"animation":"sleep","frame":53,"pos_x":-10.0,"pos_y":-3.6394557823,"rotation":-0.7646215918},
{"animation":"sleep","frame":54,"pos_x":-10.0,"pos_y":-3.6326530612,"rotation":-0.7652174898},
{"animation":"sleep","frame":55,"pos_x":-10.0,"pos_y":-3.6258503401,"rotation":-0.7658133878},
{"animation":"sleep","frame":56,"pos_x":-10.0,"pos_y":-3.619047619,"rotation":-0.7664092857},
{"animation":"sleep","frame":57,"pos_x":-10.0,"pos_y":-3.612244898,"rotation":-0.7670051837},
{"animation":"sleep","frame":58,"pos_x":-10.0,"pos_y":-3.6054421769,"rotation":-0.7676010816},
{"animation":"sleep","frame":59,"pos_x":-10.0,"pos_y":-3.5986394558,"rotation":-0.7681969796},
{"animation":"sleep","frame":60,"pos_x":-10.0,"pos_y":-3.5918367347,"rotation":-0.7687928776},
{"animation":"sleep","frame":61,"pos_x":-10.0,"pos_y":-3.5850340136,"rotation":-0.7693887755},
{"animation":"sleep","frame":62,"pos_x":-10.0,"pos_y":-3.5782312925,"rotation":-0.7699846735},
{"animation":"sleep","frame":63,"pos_x":-10.0,"pos_y":-3.5714285714,"rotation":-0.7705805714},
{"animation":"sleep","frame":64,"pos_x":-10.0,"pos_y":-3.5646258503,"rotation":-0.7711764694},
{"animation":"sleep","frame":65,"pos_x":-10.0,"pos_y":-3.5578231293,"rotation":-0.7717723673},
{"animation":"sleep","frame":66,"pos_x":-10.0,"pos_y":-3.5510204082,"rotation":-0.7723682653},
{"animation":"sleep","frame":67,"pos_x":-10.0,"pos_y":-3.5442176871,"rotation":-0.7729641633},
{"animation":"sleep","frame":68,"pos_x":-10.0,"pos_y":-3.537414966,"rotation":-0.7735600612},
{"animation":"sleep","frame":69,"pos_x":-10.0,"pos_y":-3.5306122449,"rotation":-0.7741559592},
{"animation":"sleep","frame":70,"pos_x":-10.0,"pos_y":-3.5238095238,"rotation":-0.7747518571},
{"animation":"sleep","frame":71,"pos_x":-10.0,"pos_y":-3.5170068027,"rotation":-0.7753477551},
{"animation":"sleep","frame":72,"pos_x":-10.0,"pos_y":-3.5102040816,"rotation":-0.7759436531},
{"animation":"sleep","frame":73,"pos_x":-10.0,"pos_y":-3.5034013605,"rotation":-0.776539551},
{"animation":"sleep","frame":74,"pos_x":-10.0,"pos_y":-3.4965986395,"rotation":-0.777135449},
{"animation":"sleep","frame":75,"pos_x":-10.0,"pos_y":-3.4897959184,"rotation":-0.7777313469},
{"animation":"sleep","frame":76,"pos_x":-10.0,"pos_y":-3.4829931973,"rotation":-0.7783272449},
{"animation":"sleep","frame":77,"pos_x":-10.0,"pos_y":-3.4761904762,"rotation":-0.7789231429},
{"animation":"sleep","frame":78,"pos_x":-10.0,"pos_y":-3.4693877551,"rotation":-0.7795190408},
{"animation":"sleep","frame":79,"pos_x":-10.0,"pos_y":-3.462585034,"rotation":-0.7801149388},
{"animation":"sleep","frame":80,"pos_x":-10.0,"pos_y":-3.4557823129,"rotation":-0.7807108367},
{"animation":"sleep","frame":81,"pos_x":-10.0,"pos_y":-3.4489795918,"rotation":-0.7813067347},
{"animation":"sleep","frame":82,"pos_x":-10.0,"pos_y":-3.4421768707,"rotation":-0.7819026327},
{"animation":"sleep","frame":83,"pos_x":-10.0,"pos_y":-3.4353741497,"rotation":-0.7824985306},
{"animation":"sleep","frame":84,"pos_x":-10.0,"pos_y":-3.4285714286,"rotation":-0.7830944286},
{"animation":"sleep","frame":85,"pos_x":-10.0,"pos_y":-3.4217687075,"rotation":-0.7836903265},
{"animation":"sleep","frame":86,"pos_x":-10.0,"pos_y":-3.4149659864,"rotation":-0.7842862245},
{"animation":"sleep","frame":87,"pos_x":-10.0,"pos_y":-3.4081632653,"rotation":-0.7848821224},
{"animation":"sleep","frame":88,"pos_x":-10.0,"pos_y":-3.4013605442,"rotation":-0.7854780204},
{"animation":"sleep","frame":89,"pos_x":-10.0,"pos_y":-3.3945578231,"rotation":-0.7860739184},
{"animation":"sleep","frame":90,"pos_x":-10.0,"pos_y":-3.387755102,"rotation":-0.7866698163},
{"animation":"sleep","frame":91,"pos_x":-10.0,"pos_y":-3.380952381,"rotation":-0.7872657143},
{"animation":"sleep","frame":92,"pos_x":-10.0,"pos_y":-3.3741496599,"rotation":-0.7878616122},
{"animation":"sleep","frame":93,"pos_x":-10.0,"pos_y":-3.3673469388,"rotation":-0.7884575102},
{"animation":"sleep","frame":94,"pos_x":-10.0,"pos_y":-3.3605442177,"rotation":-0.7890534082},
{"animation":"sleep","frame":95,"pos_x":-10.0,"pos_y":-3.3537414966,"rotation":-0.7896493061},
{"animation":"sleep","frame":96,"pos_x":-10.0,"pos_y":-3.3469387755,"rotation":-0.7902452041},
{"animation":"sleep","frame":97,"pos_x":-10.0,"pos_y":-3.3401360544,"rotation":-0.790841102},
{"animation":"sleep","frame":98,"pos_x":-10.0,"pos_y":-3.3333333333,"rotation":-0.791437},
{"animation":"sleep","frame":99,"pos_x":-10.0,"pos_y":-3.3265306122,"rotation":-0.792032898},
{"animation":"sleep","frame":100,"pos_x":-10.0,"pos_y":-3.3197278912,"rotation":-0.7926287959},
{"animation":"sleep","frame":101,"pos_x":-10.0,"pos_y":-3.3129251701,"rotation":-0.7932246939},
{"animation":"sleep","frame":102,"pos_x":-10.0,"pos_y":-3.306122449,"rotation":-0.7938205918},
{"animation":"sleep","frame":103,"pos_x":-10.0,"pos_y":-3.2993197279,"rotation":-0.7944164898},
{"animation":"sleep","frame":104,"pos_x":-10.0,"pos_y":-3.2925170068,"rotation":-0.7950123878},
{"animation":"sleep","frame":105,"pos_x":-10.0,"pos_y":-3.2857142857,"rotation":-0.7956082857},
{"animation":"sleep","frame":106,"pos_x":-10.0,"pos_y":-3.2789115646,"rotation":-0.7962041837},
{"animation":"sleep","frame":107,"pos_x":-10.0,"pos_y":-3.2721088435,"rotation":-0.7968000816},
{"animation":"sleep","frame":108,"pos_x":-10.0,"pos_y":-3.2653061224,"rotation":-0.7973959796},
{"animation":"sleep","frame":109,"pos_x":-10.0,"pos_y":-3.2585034014,"rotation":-0.7979918776},
{"animation":"sleep","frame":110,"pos_x":-10.0,"pos_y":-3.2517006803,"rotation":-0.7985877755},
{"animation":"sleep","frame":111,"pos_x":-10.0,"pos_y":-3.2448979592,"rotation":-0.7991836735},
{"animation":"sleep","frame":112,"pos_x":-10.0,"pos_y":-3.2380952381,"rotation":-0.7997795714},
{"animation":"sleep","frame":113,"pos_x":-10.0,"pos_y":-3.231292517,"rotation":-0.8003754694},
{"animation":"sleep","frame":114,"pos_x":-10.0,"pos_y":-3.2244897959,"rotation":-0.8009713673},
{"animation":"sleep","frame":115,"pos_x":-10.0,"pos_y":-3.2176870748,"rotation":-0.8015672653},
{"animation":"sleep","frame":116,"pos_x":-10.0,"pos_y":-3.2108843537,"rotation":-0.8021631633},
{"animation":"sleep","frame":117,"pos_x":-10.0,"pos_y":-3.2040816327,"rotation":-0.8027590612},
{"animation":"sleep","frame":118,"pos_x":-10.0,"pos_y":-3.1972789116,"rotation":-0.8033549592},
{"animation":"sleep","frame":119,"pos_x":-10.0,"pos_y":-3.1904761905,"rotation":-0.8039508571},
{"animation":"sleep","frame":120,"pos_x":-10.0,"pos_y":-3.1836734694,"rotation":-0.8045467551},
{"animation":"sleep","frame":121,"pos_x":-10.0,"pos_y":-3.1768707483,"rotation":-0.8051426531},
{"animation":"sleep","frame":122,"pos_x":-10.0,"pos_y":-3.1700680272,"rotation":-0.805738551},
{"animation":"sleep","frame":123,"pos_x":-10.0,"pos_y":-3.1632653061,"rotation":-0.806334449},
{"animation":"sleep","frame":124,"pos_x":-10.0,"pos_y":-3.156462585,"rotation":-0.8069303469},
{"animation":"sleep","frame":125,"pos_x":-10.0,"pos_y":-3.1496598639,"rotation":-0.8075262449},
{"animation":"sleep","frame":126,"pos_x":-10.0,"pos_y":-3.1428571429,"rotation":-0.8081221429},
{"animation":"sleep","frame":127,"pos_x":-10.0,"pos_y":-3.1360544218,"rotation":-0.8087180408},
{"animation":"sleep","frame":128,"pos_x":-10.0,"pos_y":-3.1292517007,"rotation":-0.8093139388},
{"animation":"sleep","frame":129,"pos_x":-10.0,"pos_y":-3.1224489796,"rotation":-0.8099098367},
{"animation":"sleep","frame":130,"pos_x":-10.0,"pos_y":-3.1156462585,"rotation":-0.8105057347},
{"animation":"sleep","frame":131,"pos_x":-10.0,"pos_y":-3.1088435374,"rotation":-0.8111016327},
{"animation":"sleep","frame":132,"pos_x":-10.0,"pos_y":-3.1020408163,"rotation":-0.8116975306},
{"animation":"sleep","frame":133,"pos_x":-10.0,"pos_y":-3.0952380952,"rotation":-0.8122934286},
{"animation":"sleep","frame":134,"pos_x":-10.0,"pos_y":-3.0884353741,"rotation":-0.8128893265},
{"animation":"sleep","frame":135,"pos_x":-10.0,"pos_y":-3.0816326531,"rotation":-0.8134852245},
{"animation":"sleep","frame":136,"pos_x":-10.0,"pos_y":-3.074829932,"rotation":-0.8140811224},
{"animation":"sleep","frame":137,"pos_x":-10.0,"pos_y":-3.0680272109,"rotation":-0.8146770204},
{"animation":"sleep","frame":138,"pos_x":-10.0,"pos_y":-3.0612244898,"rotation":-0.8152729184},
{"animation":"sleep","frame":139,"pos_x":-10.0,"pos_y":-3.0544217687,"rotation":-0.8158688163},
{"animation":"sleep","frame":140,"pos_x":-10.0,"pos_y":-3.0476190476,"rotation":-0.8164647143},
{"animation":"sleep","frame":141,"pos_x":-10.0,"pos_y":-3.0408163265,"rotation":-0.8170606122},
{"animation":"sleep","frame":142,"pos_x":-10.0,"pos_y":-3.0340136054,"rotation":-0.8176565102},
{"animation":"sleep","frame":143,"pos_x":-10.0,"pos_y":-3.0272108844,"rotation":-0.8182524082},
{"animation":"sleep","frame":144,"pos_x":-10.0,"pos_y":-3.0204081633,"rotation":-0.8188483061},
{"animation":"sleep","frame":145,"pos_x":-10.0,"pos_y":-3.0136054422,"rotation":-0.8194442041},
{"animation":"sleep","frame":146,"pos_x":-10.0,"pos_y":-3.0068027211,"rotation":-0.820040102},
{"animation":"sleep","frame":147,"pos_x":-10.0,"pos_y":-3.0,"rotation":-0.820636},
{"animation":"sleep","frame":148,"pos_x":-3.0,"pos_y":-13.0,"rotation":-0.244346},
{"animation":"stagger","frame":0,"pos_x":0.0,"pos_y":-13.0,"rotation":-0.017453},
{"animation":"stagger","frame":1,"pos_x":15.0,"pos_y":-8.0,"rotation":0.401426},
{"animation":"stagger","frame":2,"pos_x":10.0,"pos_y":-10.0,"rotation":0.279253},
{"animation":"stagger","frame":3,"pos_x":5.0,"pos_y":-9.0,"rotation":0.209439},
{"animation":"stagger","frame":4,"pos_x":0.0,"pos_y":-10.0,"rotation":0.05236},
{"animation":"stagger","frame":5,"pos_x":-4.0,"pos_y":-10.0,"rotation":-0.05236},
{"animation":"stagger","frame":6,"pos_x":-9.0,"pos_y":-9.0,"rotation":-0.174533},
{"animation":"stagger","frame":7,"pos_x":-14.0,"pos_y":-10.0,"rotation":-0.296706},
{"animation":"stagger","frame":8,"pos_x":-11.0,"pos_y":-11.0,"rotation":-0.226893},
{"animation":"stagger","frame":9,"pos_x":-8.0,"pos_y":-10.0,"rotation":-0.15708},
{"animation":"stagger","frame":10,"pos_x":-6.0,"pos_y":-10.0,"rotation":-0.087267},
{"animation":"stagger","frame":11,"pos_x":-4.0,"pos_y":-11.0,"rotation":-0.069813},
{"animation":"stagger","frame":12,"pos_x":0.0,"pos_y":-11.0,"rotation":-0.017453},
{"animation":"stagger","frame":13,"pos_x":3.0,"pos_y":-11.0,"rotation":0.10472},
{"animation":"stagger","frame":14,"pos_x":6.0,"pos_y":-11.0,"rotation":0.174533},
{"animation":"stagger","frame":15,"pos_x":9.0,"pos_y":-11.0,"rotation":0.226893},
{"animation":"stagger","frame":16,"pos_x":7.8333333333,"pos_y":-11.0833333333,"rotation":0.2021675},
{"animation":"stagger","frame":17,"pos_x":6.6666666667,"pos_y":-11.1666666667,"rotation":0.177442},
{"animation":"stagger","frame":18,"pos_x":5.5,"pos_y":-11.25,"rotation":0.1527165},
{"animation":"stagger","frame":19,"pos_x":4.3333333333,"pos_y":-11.3333333333,"rotation":0.127991},
{"animation":"stagger","frame":20,"pos_x":3.1666666667,"pos_y":-11.4166666667,"rotation":0.1032655},
{"animation":"stagger","frame":21,"pos_x":2.0,"pos_y":-11.5,"rotation":0.07854},
{"animation":"stagger","frame":22,"pos_x":0.8333333333,"pos_y":-11.5833333333,"rotation":0.0538145},
{"animation":"stagger","frame":23,"pos_x":-0.3333333333,"pos_y":-11.6666666667,"rotation":0.029089},
{"animation":"stagger","frame":24,"pos_x":-1.5,"pos_y":-11.75,"rotation":0.0043635},
{"animation":"stagger","frame":25,"pos_x":-2.6666666667,"pos_y":-11.8333333333,"rotation":-0.020362},
{"animation":"stagger","frame":26,"pos_x":-3.8333333333,"pos_y":-11.9166666667,"rotation":-0.0450875},
{"animation":"stagger","frame":27,"pos_x":-5.0,"pos_y":-12.0,"rotation":-0.069813},
{"animation":"stagger","frame":28,"pos_x":-4.0,"pos_y":-12.0,"rotation":-0.0414515},
{"animation":"stagger","frame":29,"pos_x":-3.0,"pos_y":-12.0,"rotation":-0.01309},
{"animation":"stagger","frame":30,"pos_x":-2.0,"pos_y":-12.0,"rotation":0.0152715},
{"animation":"stagger","frame":31,"pos_x":-1.0,"pos_y":-12.0,"rotation":0.043633},
{"animation":"stagger","frame":32,"pos_x":0.0,"pos_y":-12.0,"rotation":0.0719945},
{"animation":"stagger","frame":33,"pos_x":1.0,"pos_y":-12.0,"rotation":0.100356},
{"animation":"stagger","frame":34,"pos_x":2.0,"pos_y":-12.0,"rotation":0.1287175},
{"animation":"stagger","frame":35,"pos_x":3.0,"pos_y":-12.0,"rotation":0.157079},
{"animation":"stagger","frame":36,"pos_x":2.7272727273,"pos_y":-12.0909090909,"rotation":0.1427990909},
{"animation":"stagger","frame":37,"pos_x":2.4545454545,"pos_y":-12.1818181818,"rotation":0.1285191818},
{"animation":"stagger","frame":38,"pos_x":2.1818181818,"pos_y":-12.2727272727,"rotation":0.1142392727},
{"animation":"stagger","frame":39,"pos_x":1.9090909091,"pos_y":-12.3636363636,"rotation":0.0999593636},
{"animation":"stagger","frame":40,"pos_x":1.6363636364,"pos_y":-12.4545454545,"rotation":0.0856794545},
{"animation":"stagger","frame":41,"pos_x":1.3636363636,"pos_y":-12.5454545455,"rotation":0.0713995455},
{"animation":"stagger","frame":42,"pos_x":1.0909090909,"pos_y":-12.6363636364,"rotation":0.0571196364},
{"animation":"stagger","frame":43,"pos_x":0.8181818182,"pos_y":-12.7272727273,"rotation":0.0428397273},
{"animation":"stagger","frame":44,"pos_x":0.5454545455,"pos_y":-12.8181818182,"rotation":0.0285598182},
{"animation":"stagger","frame":45,"pos_x":0.2727272727,"pos_y":-12.9090909091,"rotation":0.0142799091},
{"animation":"stagger","frame":46,"pos_x":0.0,"pos_y":-13.0,"rotation":0.0},
{"animation":"stagger","frame":47,"pos_x":0.0,"pos_y":-13.0,"rotation":0.0},
{"animation":"stagger","frame":48,"pos_x":0.0,"pos_y":-13.0,"rotation":0.0},
{"animation":"stagger","frame":49,"pos_x":0.0,"pos_y":-13.0,"rotation":0.0},
{"animation":"walk","frame":0,"pos_x":0.0,"pos_y":-13.0,"rotation":0.0},
{"animation":"walk","frame":1,"pos_x":-0.25,"pos_y":-12.75,"rotation":0.0},
{"animation":"walk","frame":2,"pos_x":-0.5,"pos_y":-12.5,"rotation":0.0},
{"animation":"walk","frame":3,"pos_x":-0.75,"pos_y":-12.25,"rotation":0.0},
{"animation":"walk","frame":4,"pos_x":-1.0,"pos_y":-12.0,"rotation":0.0},
{"animation":"walk","frame":5,"pos_x":-1.0,"pos_y":-12.0,"rotation":0.0},
{"animation":"walk","frame":6,"pos_x":-1.0,"pos_y":-12.0,"rotation":0.0},
{"animation":"walk","frame":7,"pos_x":-1.0,"pos_y":-12.0,"rotation":0.0},
{"animation":"walk","frame":8,"pos_x":-0.75,"pos_y":-12.0,"rotation":0.0},
{"animation":"walk","frame":9,"pos_x":-0.5,"pos_y":-12.0,"rotation":0.0},
{"animation":"walk","frame":10,"pos_x":-0.25,"pos_y":-12.0,"rotation":0.0},
{"animation":"walk","frame":11,"pos_x":0.0,"pos_y":-12.0,"rotation":0.0},
{"animation":"walk","frame":12,"pos_x":-0.5,"pos_y":-11.75,"rotation":0.0},
{"animation":"walk","frame":13,"pos_x":-1.0,"pos_y":-11.5,"rotation":0.0},
{"animation":"walk","frame":14,"pos_x":-1.5,"pos_y":-11.25,"rotation":0.0},
{"animation":"walk","frame":15,"pos_x":-2.0,"pos_y":-11.0,"rotation":0.0},
{"animation":"walk","frame":16,"pos_x":-1.5,"pos_y":-11.25,"rotation":0.0},
{"animation":"walk","frame":17,"pos_x":-1.0,"pos_y":-11.5,"rotation":0.0},
{"animation":"walk","frame":18,"pos_x":-0.5,"pos_y":-11.75,"rotation":0.0},
{"animation":"walk","frame":19,"pos_x":0.0,"pos_y":-12.0,"rotation":0.0},
{"animation":"walk","frame":20,"pos_x":0.0,"pos_y":-12.0,"rotation":0.0},
{"animation":"walk","frame":21,"pos_x":0.0,"pos_y":-12.0,"rotation":0.0},
{"animation":"walk","frame":22,"pos_x":0.0,"pos_y":-12.0,"rotation":0.0},
{"animation":"walk","frame":23,"pos_x":0.0,"pos_y":-12.0,"rotation":0.0},
{"animation":"walk_yari","frame":0,"pos_x":0.0,"pos_y":-12.0,"rotation":0.0},
{"animation":"walk_yari","frame":1,"pos_x":-0.5,"pos_y":-11.5,"rotation":0.0},
{"animation":"walk_yari","frame":2,"pos_x":-1.0,"pos_y":-11.0,"rotation":0.0},
{"animation":"walk_yari","frame":3,"pos_x":-1.5,"pos_y":-10.5,"rotation":0.0},
{"animation":"walk_yari","frame":4,"pos_x":-2.0,"pos_y":-10.0,"rotation":0.0},
{"animation":"walk_yari","frame":5,"pos_x":-1.8571428571,"pos_y":-10.4285714286,"rotation":0.0},
{"animation":"walk_yari","frame":6,"pos_x":-1.7142857143,"pos_y":-10.8571428571,"rotation":0.0},
{"animation":"walk_yari","frame":7,"pos_x":-1.5714285714,"pos_y":-11.2857142857,"rotation":0.0},
{"animation":"walk_yari","frame":8,"pos_x":-1.4285714286,"pos_y":-11.7142857143,"rotation":0.0},
{"animation":"walk_yari","frame":9,"pos_x":-1.2857142857,"pos_y":-12.1428571429,"rotation":0.0},
{"animation":"walk_yari","frame":10,"pos_x":-1.1428571429,"pos_y":-12.5714285714,"rotation":0.0},
{"animation":"walk_yari","frame":11,"pos_x":-1.0,"pos_y":-13.0,"rotation":0.0},
{"animation":"walk_yari","frame":12,"pos_x":-1.0,"pos_y":-12.6666666667,"rotation":0.0},
{"animation":"walk_yari","frame":13,"pos_x":-1.0,"pos_y":-12.3333333333,"rotation":0.0},
{"animation":"walk_yari","frame":14,"pos_x":-1.0,"pos_y":-12.0,"rotation":0.0},
{"animation":"walk_yari","frame":15,"pos_x":-1.0,"pos_y":-11.6666666667,"rotation":0.0},
{"animation":"walk_yari","frame":16,"pos_x":-1.0,"pos_y":-11.3333333333,"rotation":0.0},
{"animation":"walk_yari","frame":17,"pos_x":-1.0,"pos_y":-11.0,"rotation":0.0},
{"animation":"walk_yari","frame":18,"pos_x":-0.8333333333,"pos_y":-11.1666666667,"rotation":0.0},
{"animation":"walk_yari","frame":19,"pos_x":-0.6666666667,"pos_y":-11.3333333333,"rotation":0.0},
{"animation":"walk_yari","frame":20,"pos_x":-0.5,"pos_y":-11.5,"rotation":0.0},
{"animation":"walk_yari","frame":21,"pos_x":-0.3333333333,"pos_y":-11.6666666667,"rotation":0.0},
{"animation":"walk_yari","frame":22,"pos_x":-0.1666666667,"pos_y":-11.8333333333,"rotation":0.0},
{"animation":"walk_yari","frame":23,"pos_x":0.0,"pos_y":-12.0,"rotation":0.0},
{"animation":"walk_yari_focused","frame":0,"pos_x":0.0,"pos_y":-12.0,"rotation":0.0},
{"animation":"walk_yari_focused","frame":1,"pos_x":-0.6666666667,"pos_y":-11.6666666667,"rotation":0.0},
{"animation":"walk_yari_focused","frame":2,"pos_x":-1.3333333333,"pos_y":-11.3333333333,"rotation":0.0},
{"animation":"walk_yari_focused","frame":3,"pos_x":-2.0,"pos_y":-11.0,"rotation":0.0},
{"animation":"walk_yari_focused","frame":4,"pos_x":-1.875,"pos_y":-11.125,"rotation":0.0},
{"animation":"walk_yari_focused","frame":5,"pos_x":-1.75,"pos_y":-11.25,"rotation":0.0},
{"animation":"walk_yari_focused","frame":6,"pos_x":-1.625,"pos_y":-11.375,"rotation":0.0},
{"animation":"walk_yari_focused","frame":7,"pos_x":-1.5,"pos_y":-11.5,"rotation":0.0},
{"animation":"walk_yari_focused","frame":8,"pos_x":-1.375,"pos_y":-11.625,"rotation":0.0},
{"animation":"walk_yari_focused","frame":9,"pos_x":-1.25,"pos_y":-11.75,"rotation":0.0},
{"animation":"walk_yari_focused","frame":10,"pos_x":-1.125,"pos_y":-11.875,"rotation":0.0},
{"animation":"walk_yari_focused","frame":11,"pos_x":-1.0,"pos_y":-12.0,"rotation":0.0},
{"animation":"walk_yari_focused","frame":12,"pos_x":-1.2,"pos_y":-11.8,"rotation":0.0},
{"animation":"walk_yari_focused","frame":13,"pos_x":-1.4,"pos_y":-11.6,"rotation":0.0},
{"animation":"walk_yari_focused","frame":14,"pos_x":-1.6,"pos_y":-11.4,"rotation":0.0},
{"animation":"walk_yari_focused","frame":15,"pos_x":-1.8,"pos_y":-11.2,"rotation":0.0},
{"animation":"walk_yari_focused","frame":16,"pos_x":-2.0,"pos_y":-11.0,"rotation":0.0},
{"animation":"walk_yari_focused","frame":17,"pos_x":-1.7142857143,"pos_y":-11.1428571429,"rotation":0.0},
{"animation":"walk_yari_focused","frame":18,"pos_x":-1.4285714286,"pos_y":-11.2857142857,"rotation":0.0},
{"animation":"walk_yari_focused","frame":19,"pos_x":-1.1428571429,"pos_y":-11.4285714286,"rotation":0.0},
{"animation":"walk_yari_focused","frame":20,"pos_x":-0.8571428571,"pos_y":-11.5714285714,"rotation":0.0},
{"animation":"walk_yari_focused","frame":21,"pos_x":-0.5714285714,"pos_y":-11.7142857143,"rotation":0.0},
{"animation":"walk_yari_focused","frame":22,"pos_x":-0.2857142857,"pos_y":-11.8571428571,"rotation":0.0}
]}