{
    "main": {
        "framerate": 30
    },
    "center":
    {
    },
    "hitbox": {
    },
    "extras": ["weapon", "helm"],
    "noRepeat": [
        "attack_fever_jump",
        "attack_fever_fall",
        "attack_prefever_focused_start",
        "attack_prefever_focused_end"
    ],
    "switchTo": [
        ["pon", "idle_armed"],
        ["pata", "idle_armed"],
        ["don", "idle_armed"],
        ["chaka", "idle_armed"],
        ["pon_focused", "idle_armed_focused"],
        ["pata_focused", "idle_armed_focused"],
        ["don_focused", "idle_armed_focused"],
        ["chaka_focused", "idle_armed_focused"],
        ["attack_fever_throw", "attack_fever_fall"],
        ["attack_prefever_focused_throw", "attack_prefever_focused_end"]
    ]
}